source_label,level,target_name,n_cells,coverage,purity,f1,mean_boot,median_boot
GABA-1-Foxp2_Fmod,class,09 CNU-LGE GABA,29,1.0,0.06839622641509434,0.1280353200883002,0.9875862068965517,1.0
GABA-10-Prkcd-Adora2a,class,11 CNU-HYa GABA,3,1.0,0.002183406113537118,0.004357298474945534,0.9666666666666667,0.97
GABA-11-Adora2a-Id4,class,09 CNU-LGE GABA,5,0.16129032258064516,0.01179245283018868,0.02197802197802198,0.9460000000000001,0.95
GABA-11-Adora2a-Id4,class,11 CNU-HYa GABA,25,0.8064516129032258,0.018195050946142648,0.03558718861209964,0.9184,0.92
GABA-11-Adora2a-Id4,class,13 CNU-HYa Glut,1,0.03225806451612903,0.0009328358208955224,0.0018132366273798729,0.96,0.96
GABA-12-Adora2a-Scn4b,class,09 CNU-LGE GABA,51,0.9622641509433962,0.12028301886792453,0.2138364779874214,0.9637254901960784,0.98
GABA-12-Adora2a-Scn4b,class,11 CNU-HYa GABA,2,0.03773584905660377,0.001455604075691412,0.0028030833917309043,0.895,0.895
GABA-13-Adora2a-Crh,class,09 CNU-LGE GABA,16,1.0,0.03773584905660377,0.07272727272727272,0.99,1.0
GABA-14-Drd1-Scn4b,class,09 CNU-LGE GABA,28,1.0,0.0660377358490566,0.1238938053097345,0.9921428571428572,1.0
GABA-15-Drd1-Ebf1,class,09 CNU-LGE GABA,10,0.9090909090909091,0.02358490566037736,0.04597701149425288,0.944,0.945
GABA-15-Drd1-Ebf1,class,11 CNU-HYa GABA,1,0.09090909090909091,0.000727802037845706,0.001444043321299639,0.81,0.81
GABA-16-Prkcd-Nts,class,11 CNU-HYa GABA,43,1.0,0.03129548762736536,0.06069160197600564,0.9990697674418605,1.0
GABA-17-Pdyn-Ebf1,class,11 CNU-HYa GABA,71,1.0,0.05167394468704512,0.09826989619377162,0.9925352112676056,1.0
GABA-18-Isl1-Tac1,class,11 CNU-HYa GABA,23,1.0,0.016739446870451237,0.0329277022190408,0.9908695652173912,1.0
GABA-19-Isl1-Aldoc,class,11 CNU-HYa GABA,90,1.0,0.06550218340611354,0.12295081967213115,0.9742222222222221,0.99
GABA-2-Foxp2_Adra2a,class,09 CNU-LGE GABA,92,1.0,0.2169811320754717,0.3565891472868217,0.9584782608695651,0.97
GABA-20-Gpr101-Gabre,class,11 CNU-HYa GABA,15,1.0,0.010917030567685589,0.02159827213822894,0.9586666666666666,0.98
GABA-21-Vdr-Nts,class,11 CNU-HYa GABA,11,1.0,0.008005822416302766,0.01588447653429603,0.9745454545454546,1.0
GABA-22-Gal-Avp,class,11 CNU-HYa GABA,30,1.0,0.021834061135371178,0.042735042735042736,0.977,1.0
GABA-23-Fign-Lrpprc,class,11 CNU-HYa GABA,44,1.0,0.03202328966521106,0.06205923836389281,0.9531818181818181,0.97
GABA-24-Fign-Ucn3,class,11 CNU-HYa GABA,33,1.0,0.024017467248908297,0.046908315565031986,0.9854545454545456,1.0
GABA-25-Lhx8-Th,class,08 CNU-MGE GABA,47,0.8545454545454545,0.29936305732484075,0.44339622641509435,0.9823404255319149,1.0
GABA-25-Lhx8-Th,class,11 CNU-HYa GABA,8,0.14545454545454545,0.005822416302765648,0.011196641007697692,0.98625,0.99
GABA-26-Cbln4-Sst,class,11 CNU-HYa GABA,23,1.0,0.016739446870451237,0.0329277022190408,0.9786956521739131,0.99
GABA-27-Lhx6-Nxph2,class,08 CNU-MGE GABA,3,0.03296703296703297,0.01910828025477707,0.024193548387096774,0.8966666666666666,0.91
GABA-27-Lhx6-Nxph2,class,11 CNU-HYa GABA,88,0.967032967032967,0.06404657933042213,0.12013651877133105,0.96375,0.99
GABA-28-Cbln4-Luzp2,class,11 CNU-HYa GABA,16,1.0,0.011644832605531296,0.02302158273381295,0.98125,0.985
GABA-29-Prlr-Greb1,class,11 CNU-HYa GABA,56,1.0,0.040756914119359534,0.07832167832167831,0.9953571428571429,1.0
GABA-3-Foxp2_Col6a1,class,09 CNU-LGE GABA,165,0.9821428571428571,0.3891509433962264,0.5574324324324325,0.9614545454545453,0.98
GABA-3-Foxp2_Col6a1,class,11 CNU-HYa GABA,2,0.011904761904761904,0.001455604075691412,0.002594033722438392,0.905,0.905
GABA-3-Foxp2_Col6a1,class,13 CNU-HYa Glut,1,0.005952380952380952,0.0009328358208955224,0.0016129032258064516,0.86,0.86
GABA-30-Prlr-Calcr,class,11 CNU-HYa GABA,47,1.0,0.03420669577874818,0.06615059817030261,0.9861702127659575,1.0
GABA-31-Prlr-Cbln1,class,11 CNU-HYa GABA,17,1.0,0.012372634643377001,0.024442846872753415,0.998235294117647,1.0
GABA-32-Prlr-Tac1,class,11 CNU-HYa GABA,85,1.0,0.06186317321688501,0.11651816312542837,0.9907058823529411,1.0
GABA-33-Prlr-St18,class,08 CNU-MGE GABA,1,0.015873015873015872,0.006369426751592357,0.009090909090909092,0.97,0.97
GABA-33-Prlr-St18,class,11 CNU-HYa GABA,62,0.9841269841269841,0.04512372634643377,0.08629088378566459,0.99,1.0
GABA-34-Prlr-Satb1,class,11 CNU-HYa GABA,8,1.0,0.005822416302765648,0.011577424023154849,0.93875,0.955
GABA-35-Chodl-Moxd1,class,07 CTX-MGE GABA,2,0.11764705882352941,0.007168458781362007,0.013513513513513514,0.9,0.9
GABA-35-Chodl-Moxd1,class,08 CNU-MGE GABA,1,0.058823529411764705,0.006369426751592357,0.011494252873563218,0.84,0.84
GABA-35-Chodl-Moxd1,class,11 CNU-HYa GABA,14,0.8235294117647058,0.010189228529839884,0.020129403306973402,0.9478571428571428,0.985
GABA-36-Sst-Fign,class,07 CTX-MGE GABA,8,0.2857142857142857,0.02867383512544803,0.05211726384364821,0.9425,0.94
GABA-36-Sst-Fign,class,08 CNU-MGE GABA,1,0.03571428571428571,0.006369426751592357,0.010810810810810811,0.86,0.86
GABA-36-Sst-Fign,class,11 CNU-HYa GABA,19,0.6785714285714286,0.013828238719068414,0.027104136947218256,0.9578947368421052,0.98
GABA-37-Sst-Npy,class,08 CNU-MGE GABA,21,0.9545454545454546,0.1337579617834395,0.23463687150837992,0.9719047619047619,0.99
GABA-37-Sst-Npy,class,09 CNU-LGE GABA,1,0.045454545454545456,0.0023584905660377358,0.004484304932735426,1.0,1.0
GABA-38-Sst-Tmtc4,class,07 CTX-MGE GABA,53,0.9636363636363636,0.18996415770609318,0.31736526946107785,0.9669811320754716,0.98
GABA-38-Sst-Tmtc4,class,08 CNU-MGE GABA,1,0.01818181818181818,0.006369426751592357,0.009433962264150945,1.0,1.0
GABA-38-Sst-Tmtc4,class,11 CNU-HYa GABA,1,0.01818181818181818,0.000727802037845706,0.0013995801259622115,0.96,0.96
GABA-39-Sst-Nek7,class,07 CTX-MGE GABA,8,0.6153846153846154,0.02867383512544803,0.054794520547945195,0.9625,0.985
GABA-39-Sst-Nek7,class,08 CNU-MGE GABA,5,0.38461538461538464,0.03184713375796178,0.058823529411764705,0.922,0.95
GABA-4-Foxp2_Htr1f,class,09 CNU-LGE GABA,14,1.0,0.0330188679245283,0.0639269406392694,0.9542857142857143,0.97
GABA-40-Rpb4-Sst,class,07 CTX-MGE GABA,44,1.0,0.15770609318996415,0.2724458204334365,0.9863636363636363,1.0
GABA-41-Moxd1-Pvalb,class,07 CTX-MGE GABA,58,1.0,0.2078853046594982,0.34421364985163205,0.9675862068965517,0.99
GABA-42-Moxd1-Vwc2,class,08 CNU-MGE GABA,28,0.9655172413793104,0.17834394904458598,0.30107526881720426,0.9517857142857142,0.97
GABA-42-Moxd1-Vwc2,class,11 CNU-HYa GABA,1,0.034482758620689655,0.000727802037845706,0.0014255167498218105,0.82,0.82
GABA-43-Crabp1-Etv1,class,08 CNU-MGE GABA,43,0.9772727272727273,0.27388535031847133,0.42786069651741293,0.9793023255813953,1.0
GABA-43-Crabp1-Etv1,class,11 CNU-HYa GABA,1,0.022727272727272728,0.000727802037845706,0.0014104372355430183,0.94,0.94
GABA-44-Pthlh-Pvalb,class,06 CTX-CGE GABA,1,0.011363636363636364,0.001834862385321101,0.00315955766192733,1.0,1.0
GABA-44-Pthlh-Pvalb,class,07 CTX-MGE GABA,86,0.9772727272727273,0.30824372759856633,0.4686648501362398,0.9790697674418605,1.0
GABA-44-Pthlh-Pvalb,class,11 CNU-HYa GABA,1,0.011363636363636364,0.000727802037845706,0.0013679890560875513,0.87,0.87
GABA-45-Lamp5-Hctr2,class,07 CTX-MGE GABA,20,1.0,0.07168458781362007,0.13377926421404682,0.9685,0.98
GABA-46-Lamp5-Kit,class,06 CTX-CGE GABA,164,1.0,0.30091743119266057,0.46262341325811,0.9932926829268293,1.0
GABA-47-Reln-Ndnf,class,06 CTX-CGE GABA,63,1.0,0.11559633027522936,0.20723684210526316,0.9804761904761905,1.0
GABA-48-Reln-Crim1,class,06 CTX-CGE GABA,10,0.12345679012345678,0.01834862385321101,0.03194888178913738,0.942,0.975
GABA-48-Reln-Crim1,class,09 CNU-LGE GABA,2,0.024691358024691357,0.0047169811320754715,0.007920792079207921,0.935,0.935
GABA-48-Reln-Crim1,class,11 CNU-HYa GABA,69,0.8518518518518519,0.05021834061135371,0.09484536082474228,0.9556521739130435,0.97
GABA-49-Npnt-Calca,class,11 CNU-HYa GABA,34,1.0,0.024745269286754003,0.048295454545454544,0.9652941176470589,0.985
GABA-5-Pax6-Enpp2,class,09 CNU-LGE GABA,9,0.47368421052631576,0.02122641509433962,0.04063205417607223,0.9233333333333333,0.9
GABA-5-Pax6-Enpp2,class,11 CNU-HYa GABA,10,0.5263157894736842,0.00727802037845706,0.014357501794687725,0.889,0.925
GABA-50-Chat-Vip,class,06 CTX-CGE GABA,3,0.3333333333333333,0.005504587155963303,0.010830324909747294,1.0,1.0
GABA-50-Chat-Vip,class,08 CNU-MGE GABA,6,0.6666666666666666,0.03821656050955414,0.07228915662650602,1.0,1.0
GABA-51-Vip-Crh,class,06 CTX-CGE GABA,70,1.0,0.12844036697247707,0.22764227642276422,0.9947142857142857,1.0
GABA-52-Calb2-Rgs12,class,06 CTX-CGE GABA,12,1.0,0.022018348623853212,0.04308797127468582,0.9766666666666667,1.0
GABA-53-Htr3a-Kcnc2,class,06 CTX-CGE GABA,75,1.0,0.13761467889908258,0.24193548387096775,0.9933333333333333,1.0
GABA-54-Scng-Kcnc2,class,06 CTX-CGE GABA,70,1.0,0.12844036697247707,0.22764227642276422,0.9904285714285714,1.0
GABA-55-Sncg-Vip,class,06 CTX-CGE GABA,25,1.0,0.045871559633027525,0.08771929824561404,0.9892,1.0
GABA-56-Sncg-Krt73,class,01 IT-ET Glut,1,0.018867924528301886,0.0002929973630237328,0.0005770340450086556,0.92,0.92
GABA-56-Sncg-Krt73,class,06 CTX-CGE GABA,52,0.9811320754716981,0.09541284403669725,0.17391304347826086,0.9973076923076923,1.0
GABA-6-Pax6-Th,class,09 CNU-LGE GABA,1,0.00909090909090909,0.0023584905660377358,0.003745318352059925,0.83,0.83
GABA-6-Pax6-Th,class,11 CNU-HYa GABA,109,0.990909090909091,0.07933042212518195,0.14690026954177896,0.9594495412844036,0.97
GABA-7-Pax6-Cyp26a1,class,09 CNU-LGE GABA,1,0.03333333333333333,0.0023584905660377358,0.004405286343612334,0.81,0.81
GABA-7-Pax6-Cyp26a1,class,11 CNU-HYa GABA,29,0.9666666666666667,0.021106259097525473,0.04131054131054131,0.9744827586206897,0.99
GABA-8-Prkcd-Oprk1,class,11 CNU-HYa GABA,108,1.0,0.07860262008733625,0.14574898785425103,0.9910185185185185,1.0
GABA-9-Prkcd-Ezr,class,11 CNU-HYa GABA,175,1.0,0.12736535662299855,0.22595222724338282,0.9796,1.0
VGLUT1-1-Zic4_Trp73,class,01 IT-ET Glut,14,1.0,0.004101963082332259,0.008170411438576015,0.9792857142857143,0.995
VGLUT1-10-Ermn_Mpped1,class,01 IT-ET Glut,83,1.0,0.024318781130969823,0.047482837528604126,0.9978313253012048,1.0
VGLUT1-11-Cd36_Calb2,class,01 IT-ET Glut,136,1.0,0.039847641371227656,0.07664130741053818,0.9988970588235294,1.0
VGLUT1-12-Gpr101_Grem1,class,01 IT-ET Glut,104,1.0,0.030471725754468208,0.059141313619562125,0.9991346153846153,1.0
VGLUT1-13-Dcn_C1ql2,class,01 IT-ET Glut,101,1.0,0.02959273366539701,0.05748434832100171,0.9994059405940594,1.0
VGLUT1-14-Cartpt_Fam46a,class,01 IT-ET Glut,16,1.0,0.004687957808379725,0.009332166812481772,0.98875,1.0
VGLUT1-15-Fmo1_Rxfp3,class,01 IT-ET Glut,104,1.0,0.030471725754468208,0.059141313619562125,0.9977884615384615,1.0
VGLUT1-16-Fbln1_Il33,class,01 IT-ET Glut,11,0.5,0.0032229709932610606,0.006404657933042212,0.9945454545454545,1.0
VGLUT1-16-Fbln1_Il33,class,04 DG-IMN Glut,11,0.5,1.0,0.6666666666666666,0.94,0.96
VGLUT1-17-Eps8_Cd44,class,01 IT-ET Glut,29,1.0,0.00849692352768825,0.0168506682161534,0.9986206896551725,1.0
VGLUT1-18-Fibcd1_Vit,class,01 IT-ET Glut,24,1.0,0.007031936712569587,0.013965667733488507,0.9954166666666667,1.0
VGLUT1-19-Car12_Celsr1,class,01 IT-ET Glut,294,1.0,0.08614122472897744,0.15861882924197462,0.9979251700680272,1.0
VGLUT1-2-Rspo2_Sema3e,class,01 IT-ET Glut,371,1.0,0.10870202168180486,0.19608879492600423,0.9959299191374663,1.0
VGLUT1-20-Trh_Mdga1,class,01 IT-ET Glut,13,1.0,0.003808965719308526,0.0075890251021599525,1.0,1.0
VGLUT1-21-Trh_Rxfp1,class,01 IT-ET Glut,230,1.0,0.06738939349545854,0.1262695580565468,0.9996521739130434,1.0
VGLUT1-22-Trh_Medag,class,01 IT-ET Glut,252,1.0,0.07383533548198067,0.13751705320600272,0.9978571428571429,1.0
VGLUT1-23-Trh_Kit,class,01 IT-ET Glut,181,1.0,0.05303252270729564,0.10072342793544797,0.9979558011049724,1.0
VGLUT1-24-Trh_Slc23a3,class,01 IT-ET Glut,11,1.0,0.0032229709932610606,0.006425233644859814,1.0,1.0
VGLUT1-25-Plcxd3_Reln,class,01 IT-ET Glut,232,1.0,0.067975388221506,0.12729766803840878,0.990301724137931,1.0
VGLUT1-26-Tac1_Igfbp5,class,01 IT-ET Glut,27,1.0,0.007910928801640784,0.01569767441860465,0.9855555555555555,1.0
VGLUT1-27-Oasl2_Ifit1,class,01 IT-ET Glut,23,1.0,0.006738939349545854,0.013387660069848662,0.9982608695652174,1.0
VGLUT1-28-Grp_Cpne8,class,01 IT-ET Glut,261,1.0,0.07647231174919426,0.14207947740881874,0.9970114942528737,1.0
VGLUT1-29-St8sia2_Cald1,class,01 IT-ET Glut,22,1.0,0.006445941986522121,0.012809315866084425,0.9990909090909091,1.0
VGLUT1-3-Sema5a_Dcn,class,01 IT-ET Glut,79,1.0,0.02314679167887489,0.0452462772050401,0.9969620253164557,1.0
VGLUT1-30-Gsg1l_Prox1,class,01 IT-ET Glut,17,1.0,0.004980955171403457,0.009912536443148687,0.9952941176470589,1.0
VGLUT1-31-Igfn1_Ndst4,class,01 IT-ET Glut,139,1.0,0.04072663346029886,0.07826576576576577,0.9933093525179856,1.0
VGLUT1-32-Mid1_Cdh22,class,01 IT-ET Glut,21,1.0,0.006152944623498389,0.0122306348281887,0.9990476190476191,1.0
VGLUT1-4-Wfs1_Sorcs3,class,01 IT-ET Glut,35,1.0,0.010254907705830648,0.020301624129930394,0.998,1.0
VGLUT1-5-Cbln1_Coch,class,01 IT-ET Glut,21,1.0,0.006152944623498389,0.0122306348281887,0.9976190476190476,1.0
VGLUT1-6-Thrsp_Lamp5,class,01 IT-ET Glut,200,1.0,0.05859947260474656,0.11071132023249378,0.99845,1.0
VGLUT1-7-Bok_Pamr1,class,01 IT-ET Glut,113,1.0,0.033108702021681806,0.06409529211571185,0.9942477876106194,1.0
VGLUT1-8-Sim1_C1ql1,class,01 IT-ET Glut,157,1.0,0.04600058599472605,0.08795518207282912,0.9998089171974522,1.0
VGLUT1-9-Gpx3_Rxfp1,class,01 IT-ET Glut,11,0.7333333333333333,0.0032229709932610606,0.006417736289381563,0.9963636363636365,1.0
VGLUT1-9-Gpx3_Rxfp1,class,02 NP-CT-L6b Glut,4,0.26666666666666666,1.0,0.4210526315789474,1.0,1.0
VGLUT2-1-Trh_Tes,class,13 CNU-HYa Glut,51,1.0,0.04757462686567164,0.09082813891362422,0.9996078431372548,1.0
VGLUT2-10-Grp_Emx2,class,13 CNU-HYa Glut,11,1.0,0.010261194029850746,0.020313942751615882,0.9718181818181818,0.99
VGLUT2-11-Ebf1_Fmod,class,13 CNU-HYa Glut,86,1.0,0.08022388059701492,0.1485319516407599,0.9691860465116279,0.99
VGLUT2-12-Pkib_Emx2,class,13 CNU-HYa Glut,11,1.0,0.010261194029850746,0.020313942751615882,0.9618181818181818,0.98
VGLUT2-13-Gpr88_Dgkk,class,13 CNU-HYa Glut,9,1.0,0.008395522388059701,0.016651248843663275,0.9088888888888889,0.92
VGLUT2-14-Tshz1_Col23a1,class,13 CNU-HYa Glut,16,1.0,0.014925373134328358,0.029411764705882353,0.929375,0.94
VGLUT2-15-Rxfp1_Rspo3,class,13 CNU-HYa Glut,30,1.0,0.027985074626865673,0.0544464609800363,0.98,1.0
VGLUT2-16-Mpped1_Col23a1,class,13 CNU-HYa Glut,3,1.0,0.002798507462686567,0.0055813953488372085,0.9533333333333333,0.97
VGLUT2-17-Crh_Deptor,class,13 CNU-HYa Glut,13,1.0,0.012126865671641791,0.023963133640552997,0.9769230769230769,1.0
VGLUT2-18-Papp2_Cdh23,class,13 CNU-HYa Glut,15,1.0,0.013992537313432836,0.027598896044158234,0.9913333333333334,1.0
VGLUT2-19-Fst_Foxb1,class,13 CNU-HYa Glut,2,1.0,0.0018656716417910447,0.0037243947858473,0.98,0.98
VGLUT2-2-Mafb_Ndnf,class,13 CNU-HYa Glut,39,1.0,0.036380597014925374,0.07020702070207022,0.9994871794871794,1.0
VGLUT2-20-Zic5_Serpinb1b,class,01 IT-ET Glut,9,1.0,0.002636976267213595,0.005260081823495032,0.9322222222222223,0.96
VGLUT2-21-Neurod6_Rorb,class,01 IT-ET Glut,57,1.0,0.01670084969235277,0.032853025936599424,0.9742105263157895,1.0
VGLUT2-22-Ebf2_Mylk,class,01 IT-ET Glut,3,0.1875,0.0008789920890711983,0.0017497812773403325,0.9233333333333333,0.91
VGLUT2-22-Ebf2_Mylk,class,13 CNU-HYa Glut,13,0.8125,0.012126865671641791,0.02389705882352941,0.9076923076923078,0.91
VGLUT2-23-Nov_Gpr83,class,01 IT-ET Glut,3,0.3333333333333333,0.0008789920890711983,0.0017533606078316772,0.9933333333333333,1.0
VGLUT2-23-Nov_Gpr83,class,13 CNU-HYa Glut,6,0.6666666666666666,0.005597014925373134,0.011100832562442183,0.8433333333333334,0.8200000000000001
VGLUT2-24-Cdkn1c_Penk,class,01 IT-ET Glut,1,0.125,0.0002929973630237328,0.0005846243788365975,0.96,0.96
VGLUT2-24-Cdkn1c_Penk,class,13 CNU-HYa Glut,7,0.875,0.0065298507462686565,0.012962962962962963,0.9185714285714285,0.95
VGLUT2-25-Ebf3_Penk,class,13 CNU-HYa Glut,24,1.0,0.022388059701492536,0.043795620437956206,0.9616666666666666,0.98
VGLUT2-26-Krt9_Matn2,class,13 CNU-HYa Glut,98,1.0,0.0914179104477612,0.1675213675213675,0.9460204081632653,0.96
VGLUT2-27-Cartpt_Igfbp6,class,01 IT-ET Glut,5,0.25,0.001464986815118664,0.002912904165452957,0.962,0.96
VGLUT2-27-Cartpt_Igfbp6,class,13 CNU-HYa Glut,15,0.75,0.013992537313432836,0.027472527472527472,0.9586666666666666,0.99
VGLUT2-28-Krt9_Penk,class,13 CNU-HYa Glut,83,1.0,0.07742537313432836,0.14372294372294372,0.9790361445783133,0.99
VGLUT2-29-Tac1_Cartpt,class,13 CNU-HYa Glut,31,1.0,0.028917910447761194,0.056210335448776065,0.9787096774193549,1.0
VGLUT2-3-Cd34_Papp2,class,13 CNU-HYa Glut,32,1.0,0.029850746268656716,0.05797101449275362,0.9934375,1.0
VGLUT2-30-Otp_Penk,class,13 CNU-HYa Glut,34,1.0,0.03171641791044776,0.061482820976491874,0.9458823529411764,0.95
VGLUT2-31-Otp_Greb1,class,13 CNU-HYa Glut,56,1.0,0.05223880597014925,0.09929078014184396,0.9658928571428572,0.995
VGLUT2-32-Oxt_Avp,class,14 HY Glut,3,1.0,1.0,1.0,1.0,1.0
VGLUT2-33-Nxph2_Calb1,class,13 CNU-HYa Glut,16,1.0,0.014925373134328358,0.029411764705882353,0.969375,0.99
VGLUT2-34-Gal_Col12a1,class,13 CNU-HYa Glut,43,1.0,0.04011194029850746,0.07713004484304932,0.964186046511628,0.99
VGLUT2-35-Nr4a2_Zfhx4,class,13 CNU-HYa Glut,38,1.0,0.03544776119402985,0.06846846846846846,0.9776315789473684,1.0
VGLUT2-36-Lxh1_Trp73,class,01 IT-ET Glut,1,0.14285714285714285,0.0002929973630237328,0.0005847953216374269,0.86,0.86
VGLUT2-36-Lxh1_Trp73,class,13 CNU-HYa Glut,6,0.8571428571428571,0.005597014925373134,0.011121408711770158,0.9033333333333333,0.92
VGLUT2-37-Rspo3_Nfib,class,01 IT-ET Glut,1,0.058823529411764705,0.0002929973630237328,0.0005830903790087463,0.86,0.86
VGLUT2-37-Rspo3_Nfib,class,13 CNU-HYa Glut,16,0.9411764705882353,0.014925373134328358,0.02938475665748393,0.97875,0.985
VGLUT2-38-Vwc2_Eomes,class,13 CNU-HYa Glut,32,1.0,0.029850746268656716,0.05797101449275362,0.97625,0.99
VGLUT2-39-Tcf7l2_Skor1,class,13 CNU-HYa Glut,26,1.0,0.024253731343283583,0.04735883424408015,0.9623076923076923,0.99
VGLUT2-4-Cdhr1_Zeb2,class,13 CNU-HYa Glut,49,1.0,0.0457089552238806,0.08742194469223907,0.9971428571428571,1.0
VGLUT2-40-Otp_Pnoc,class,13 CNU-HYa Glut,3,1.0,0.002798507462686567,0.0055813953488372085,0.9,0.88
VGLUT2-41-Otp_Crabp1,class,13 CNU-HYa Glut,24,1.0,0.022388059701492536,0.043795620437956206,0.9812500000000001,1.0
VGLUT2-42-Otp_Sema3c,class,13 CNU-HYa Glut,40,1.0,0.03731343283582089,0.07194244604316546,0.9567500000000001,0.975
VGLUT2-5-Runx1_Zeb2,class,13 CNU-HYa Glut,21,1.0,0.01958955223880597,0.03842634949679781,0.99,1.0
VGLUT2-6-Peg10_Calcr,class,13 CNU-HYa Glut,17,1.0,0.01585820895522388,0.031221303948576674,0.9635294117647059,0.98
VGLUT2-7-Rxfp1_Cd24a,class,13 CNU-HYa Glut,9,1.0,0.008395522388059701,0.016651248843663275,0.98,1.0
VGLUT2-8-Chrdl1_Abi3bp,class,13 CNU-HYa Glut,13,1.0,0.012126865671641791,0.023963133640552997,0.9853846153846154,1.0
VGLUT2-9-Tacr3_Npnt,class,13 CNU-HYa Glut,32,1.0,0.029850746268656716,0.05797101449275362,0.9853125,1.0
GABA-1-Foxp2_Fmod,subclass,064 STR-PAL Chst9 Gaba,1,0.034482758620689655,0.0035587188612099642,0.0064516129032258064,1.0,1.0
GABA-1-Foxp2_Fmod,subclass,065 IA Mgp Gaba,28,0.9655172413793104,0.8484848484848485,0.9032258064516129,0.9917857142857143,1.0
GABA-10-Prkcd-Adora2a,subclass,062 STR D2 Gaba,1,0.16666666666666666,0.008695652173913044,0.01652892561983471,1.0,1.0
GABA-10-Prkcd-Adora2a,subclass,079 CEA-BST Six3 Cyp26b1 Gaba,5,0.8333333333333334,0.013404825737265416,0.02638522427440633,1.0,1.0
GABA-11-Adora2a-Id4,subclass,062 STR D2 Gaba,33,0.4230769230769231,0.28695652173913044,0.3419689119170985,0.9918181818181817,1.0
GABA-11-Adora2a-Id4,subclass,079 CEA-BST Six3 Cyp26b1 Gaba,44,0.5641025641025641,0.11796246648793565,0.1951219512195122,0.9829545454545454,1.0
GABA-11-Adora2a-Id4,subclass,114 COAa-PAA-MEA Barhl2 Glut,1,0.01282051282051282,0.0018115942028985507,0.003174603174603175,1.0,1.0
GABA-12-Adora2a-Scn4b,subclass,062 STR D2 Gaba,63,0.8873239436619719,0.5478260869565217,0.6774193548387096,0.9931746031746032,1.0
GABA-12-Adora2a-Scn4b,subclass,079 CEA-BST Six3 Cyp26b1 Gaba,7,0.09859154929577464,0.01876675603217158,0.03153153153153153,0.9885714285714285,1.0
GABA-12-Adora2a-Scn4b,subclass,080 CEA-AAA-BST Six3 Sp9 Gaba,1,0.014084507042253521,0.006578947368421052,0.00896860986547085,1.0,1.0
GABA-13-Adora2a-Crh,subclass,061 STR D1 Gaba,1,0.0625,0.02857142857142857,0.0392156862745098,0.98,0.98
GABA-13-Adora2a-Crh,subclass,062 STR D2 Gaba,15,0.9375,0.13043478260869565,0.22900763358778628,0.9760000000000001,1.0
GABA-14-Drd1-Scn4b,subclass,060 OT D3 Folh1 Gaba,5,0.18518518518518517,1.0,0.3125,0.9120000000000001,0.9
GABA-14-Drd1-Scn4b,subclass,061 STR D1 Gaba,22,0.8148148148148148,0.6285714285714286,0.7096774193548386,0.9872727272727272,1.0
GABA-15-Drd1-Ebf1,subclass,061 STR D1 Gaba,12,0.9230769230769231,0.34285714285714286,0.5000000000000001,0.9933333333333333,1.0
GABA-15-Drd1-Ebf1,subclass,082 CEA-BST Ebf1 Pdyn Gaba,1,0.07692307692307693,0.00398406374501992,0.007575757575757575,1.0,1.0
GABA-16-Prkcd-Nts,subclass,082 CEA-BST Ebf1 Pdyn Gaba,45,1.0,0.17928286852589642,0.30405405405405406,0.9964444444444445,1.0
GABA-17-Pdyn-Ebf1,subclass,082 CEA-BST Ebf1 Pdyn Gaba,71,0.9861111111111112,0.28286852589641437,0.4396284829721363,0.9992957746478873,1.0
GABA-17-Pdyn-Ebf1,subclass,114 COAa-PAA-MEA Barhl2 Glut,1,0.013888888888888888,0.0018115942028985507,0.003205128205128205,1.0,1.0
GABA-18-Isl1-Tac1,subclass,064 STR-PAL Chst9 Gaba,1,0.037037037037037035,0.0035587188612099642,0.006493506493506492,1.0,1.0
GABA-18-Isl1-Tac1,subclass,081 ACB-BST-FS D1 Gaba,1,0.037037037037037035,0.3333333333333333,0.06666666666666667,1.0,1.0
GABA-18-Isl1-Tac1,subclass,082 CEA-BST Ebf1 Pdyn Gaba,24,0.8888888888888888,0.09561752988047809,0.1726618705035971,0.9983333333333334,1.0
GABA-18-Isl1-Tac1,subclass,090 BST-MPN Six3 Nrgn Gaba,1,0.037037037037037035,0.05,0.0425531914893617,1.0,1.0
GABA-19-Isl1-Aldoc,subclass,081 ACB-BST-FS D1 Gaba,2,0.02247191011235955,0.6666666666666666,0.043478260869565216,0.99,0.99
GABA-19-Isl1-Aldoc,subclass,082 CEA-BST Ebf1 Pdyn Gaba,86,0.9662921348314607,0.3426294820717131,0.5058823529411764,0.9817441860465117,1.0
GABA-19-Isl1-Aldoc,subclass,084 BST-SI-AAA Six3 Slc22a3 Gaba,1,0.011235955056179775,1.0,0.02222222222222222,0.99,0.99
GABA-2-Foxp2_Adra2a,subclass,049 Lamp5 Gaba,1,0.010526315789473684,0.0055248618784530384,0.007246376811594203,0.94,0.94
GABA-2-Foxp2_Adra2a,subclass,064 STR-PAL Chst9 Gaba,94,0.9894736842105263,0.33451957295373663,0.4999999999999999,0.9948936170212765,1.0
GABA-20-Gpr101-Gabre,subclass,082 CEA-BST Ebf1 Pdyn Gaba,12,1.0,0.04780876494023904,0.09125475285171103,0.995,1.0
GABA-21-Vdr-Nts,subclass,082 CEA-BST Ebf1 Pdyn Gaba,10,1.0,0.0398406374501992,0.07662835249042146,0.9949999999999999,1.0
GABA-22-Gal-Avp,subclass,074 MEA-BST Lhx6 Sp9 Gaba,1,0.03333333333333333,0.006289308176100629,0.010582010582010583,1.0,1.0
GABA-22-Gal-Avp,subclass,077 CEA-BST Gal Avp Gaba,12,0.4,1.0,0.5714285714285715,0.9874999999999999,1.0
GABA-22-Gal-Avp,subclass,090 BST-MPN Six3 Nrgn Gaba,17,0.5666666666666667,0.85,0.68,0.9894117647058823,1.0
GABA-23-Fign-Lrpprc,subclass,074 MEA-BST Lhx6 Sp9 Gaba,3,0.075,0.018867924528301886,0.03015075376884422,0.9533333333333333,0.98
GABA-23-Fign-Lrpprc,subclass,080 CEA-AAA-BST Six3 Sp9 Gaba,35,0.875,0.23026315789473684,0.36458333333333337,0.962857142857143,0.99
GABA-23-Fign-Lrpprc,subclass,090 BST-MPN Six3 Nrgn Gaba,2,0.05,0.1,0.06666666666666667,0.9450000000000001,0.9450000000000001
GABA-24-Fign-Ucn3,subclass,064 STR-PAL Chst9 Gaba,1,0.02857142857142857,0.0035587188612099642,0.006329113924050633,1.0,1.0
GABA-24-Fign-Ucn3,subclass,074 MEA-BST Lhx6 Sp9 Gaba,33,0.9428571428571428,0.20754716981132076,0.3402061855670103,0.9993939393939393,1.0
GABA-24-Fign-Ucn3,subclass,114 COAa-PAA-MEA Barhl2 Glut,1,0.02857142857142857,0.0018115942028985507,0.0034071550255536627,0.83,0.83
GABA-25-Lhx8-Th,subclass,057 NDB-SI-MA-STRv Lhx8 Gaba,50,0.8333333333333334,0.8928571428571429,0.8620689655172413,0.9937999999999999,1.0
GABA-25-Lhx8-Th,subclass,058 PAL-STR Gaba-Chol,1,0.016666666666666666,0.14285714285714285,0.029850746268656716,1.0,1.0
GABA-25-Lhx8-Th,subclass,085 SI-MPO-LPO Lhx8 Gaba,9,0.15,1.0,0.2608695652173913,0.9933333333333333,1.0
GABA-26-Cbln4-Sst,subclass,075 MEA-BST Lhx6 Nr2e1 Gaba,24,1.0,0.22429906542056074,0.366412213740458,0.9995833333333333,1.0
GABA-27-Lhx6-Nxph2,subclass,057 NDB-SI-MA-STRv Lhx8 Gaba,6,0.06818181818181818,0.10714285714285714,0.08333333333333331,0.9816666666666666,0.985
GABA-27-Lhx6-Nxph2,subclass,073 MEA-BST Sox6 Gaba,2,0.022727272727272728,0.014084507042253521,0.017391304347826087,1.0,1.0
GABA-27-Lhx6-Nxph2,subclass,074 MEA-BST Lhx6 Sp9 Gaba,64,0.7272727272727273,0.4025157232704403,0.5182186234817814,0.9853125,1.0
GABA-27-Lhx6-Nxph2,subclass,075 MEA-BST Lhx6 Nr2e1 Gaba,16,0.18181818181818182,0.14953271028037382,0.1641025641025641,0.9375,0.985
GABA-28-Cbln4-Luzp2,subclass,048 RHP-COA Ndnf Gaba,1,0.05263157894736842,0.014492753623188406,0.022727272727272728,1.0,1.0
GABA-28-Cbln4-Luzp2,subclass,073 MEA-BST Sox6 Gaba,18,0.9473684210526315,0.1267605633802817,0.2236024844720497,0.9916666666666667,1.0
GABA-29-Prlr-Greb1,subclass,074 MEA-BST Lhx6 Sp9 Gaba,56,1.0,0.3522012578616352,0.5209302325581395,0.9955357142857143,1.0
GABA-3-Foxp2_Col6a1,subclass,063 STR D1 Sema5a Gaba,9,0.05421686746987952,1.0,0.10285714285714286,0.9288888888888889,0.94
GABA-3-Foxp2_Col6a1,subclass,064 STR-PAL Chst9 Gaba,155,0.9337349397590361,0.5516014234875445,0.6935123042505593,0.9892903225806452,1.0
GABA-3-Foxp2_Col6a1,subclass,080 CEA-AAA-BST Six3 Sp9 Gaba,1,0.006024096385542169,0.006578947368421052,0.006289308176100629,1.0,1.0
GABA-3-Foxp2_Col6a1,subclass,114 COAa-PAA-MEA Barhl2 Glut,1,0.006024096385542169,0.0018115942028985507,0.0027855153203342623,1.0,1.0
GABA-30-Prlr-Calcr,subclass,054 STR Prox1 Lhx6 Gaba,1,0.02127659574468085,0.01282051282051282,0.016,1.0,1.0
GABA-30-Prlr-Calcr,subclass,075 MEA-BST Lhx6 Nr2e1 Gaba,45,0.9574468085106383,0.4205607476635514,0.5844155844155844,0.9826666666666667,1.0
GABA-30-Prlr-Calcr,subclass,076 MEA-BST Lhx6 Nfib Gaba,1,0.02127659574468085,0.005291005291005291,0.00847457627118644,1.0,1.0
GABA-31-Prlr-Cbln1,subclass,076 MEA-BST Lhx6 Nfib Gaba,16,1.0,0.08465608465608465,0.15609756097560976,0.99625,1.0
GABA-32-Prlr-Tac1,subclass,074 MEA-BST Lhx6 Sp9 Gaba,2,0.023255813953488372,0.012578616352201259,0.0163265306122449,0.905,0.905
GABA-32-Prlr-Tac1,subclass,076 MEA-BST Lhx6 Nfib Gaba,84,0.9767441860465116,0.4444444444444444,0.6109090909090908,0.9975,1.0
GABA-33-Prlr-St18,subclass,054 STR Prox1 Lhx6 Gaba,1,0.015151515151515152,0.01282051282051282,0.013888888888888888,1.0,1.0
GABA-33-Prlr-St18,subclass,073 MEA-BST Sox6 Gaba,1,0.015151515151515152,0.007042253521126761,0.009615384615384616,1.0,1.0
GABA-33-Prlr-St18,subclass,076 MEA-BST Lhx6 Nfib Gaba,64,0.9696969696969697,0.3386243386243386,0.5019607843137255,0.999375,1.0
GABA-34-Prlr-Satb1,subclass,075 MEA-BST Lhx6 Nr2e1 Gaba,1,0.14285714285714285,0.009345794392523364,0.017543859649122806,1.0,1.0
GABA-34-Prlr-Satb1,subclass,076 MEA-BST Lhx6 Nfib Gaba,6,0.8571428571428571,0.031746031746031744,0.06122448979591836,0.9966666666666667,1.0
GABA-35-Chodl-Moxd1,subclass,053 Sst Gaba,4,0.18181818181818182,0.03305785123966942,0.055944055944055944,1.0,1.0
GABA-35-Chodl-Moxd1,subclass,054 STR Prox1 Lhx6 Gaba,1,0.045454545454545456,0.01282051282051282,0.02,0.9,0.9
GABA-35-Chodl-Moxd1,subclass,076 MEA-BST Lhx6 Nfib Gaba,17,0.7727272727272727,0.08994708994708994,0.1611374407582938,0.9899999999999999,1.0
GABA-36-Sst-Fign,subclass,053 Sst Gaba,18,0.45,0.1487603305785124,0.2236024844720497,1.0,1.0
GABA-36-Sst-Fign,subclass,056 Sst Chodl Gaba,1,0.025,0.041666666666666664,0.03125,1.0,1.0
GABA-36-Sst-Fign,subclass,075 MEA-BST Lhx6 Nr2e1 Gaba,21,0.525,0.19626168224299065,0.2857142857142857,0.9980952380952381,1.0
GABA-37-Sst-Npy,subclass,053 Sst Gaba,1,0.041666666666666664,0.008264462809917356,0.013793103448275864,1.0,1.0
GABA-37-Sst-Npy,subclass,056 Sst Chodl Gaba,22,0.9166666666666666,0.9166666666666666,0.9166666666666666,0.9945454545454545,1.0
GABA-37-Sst-Npy,subclass,065 IA Mgp Gaba,1,0.041666666666666664,0.030303030303030304,0.03508771929824561,1.0,1.0
GABA-38-Sst-Tmtc4,subclass,053 Sst Gaba,59,0.9672131147540983,0.48760330578512395,0.6483516483516484,0.9993220338983051,1.0
GABA-38-Sst-Tmtc4,subclass,056 Sst Chodl Gaba,1,0.01639344262295082,0.041666666666666664,0.023529411764705885,1.0,1.0
GABA-38-Sst-Tmtc4,subclass,076 MEA-BST Lhx6 Nfib Gaba,1,0.01639344262295082,0.005291005291005291,0.008,1.0,1.0
GABA-39-Sst-Nek7,subclass,052 Pvalb Gaba,1,0.043478260869565216,0.015384615384615385,0.022727272727272728,0.89,0.89
GABA-39-Sst-Nek7,subclass,053 Sst Gaba,13,0.5652173913043478,0.10743801652892562,0.18055555555555555,0.99,1.0
GABA-39-Sst-Nek7,subclass,054 STR Prox1 Lhx6 Gaba,9,0.391304347826087,0.11538461538461539,0.17821782178217824,0.9588888888888888,0.99
GABA-4-Foxp2_Htr1f,subclass,064 STR-PAL Chst9 Gaba,16,1.0,0.05693950177935943,0.10774410774410774,0.989375,1.0
GABA-40-Rpb4-Sst,subclass,014 LA-BLA-BMA-PA Glut,1,0.025,0.0006779661016949153,0.0013201320132013204,0.93,0.93
GABA-40-Rpb4-Sst,subclass,052 Pvalb Gaba,29,0.725,0.4461538461538462,0.5523809523809524,0.9879310344827585,1.0
GABA-40-Rpb4-Sst,subclass,053 Sst Gaba,10,0.25,0.08264462809917356,0.12422360248447205,0.959,0.995
GABA-41-Moxd1-Pvalb,subclass,052 Pvalb Gaba,35,0.7142857142857143,0.5384615384615384,0.6140350877192982,0.9728571428571428,1.0
GABA-41-Moxd1-Pvalb,subclass,053 Sst Gaba,14,0.2857142857142857,0.11570247933884298,0.16470588235294117,0.9564285714285715,0.965
GABA-42-Moxd1-Vwc2,subclass,053 Sst Gaba,1,0.030303030303030304,0.008264462809917356,0.012987012987012988,0.89,0.89
GABA-42-Moxd1-Vwc2,subclass,054 STR Prox1 Lhx6 Gaba,32,0.9696969696969697,0.41025641025641024,0.5765765765765766,0.9978125,1.0
GABA-43-Crabp1-Etv1,subclass,054 STR Prox1 Lhx6 Gaba,34,0.8717948717948718,0.4358974358974359,0.5811965811965812,0.9902941176470589,1.0
GABA-43-Crabp1-Etv1,subclass,055 STR Lhx8 Gaba,4,0.10256410256410256,1.0,0.18604651162790695,0.96,0.99
GABA-43-Crabp1-Etv1,subclass,073 MEA-BST Sox6 Gaba,1,0.02564102564102564,0.007042253521126761,0.011049723756906079,0.89,0.89
GABA-44-Pthlh-Pvalb,subclass,046 Vip Gaba,1,0.011235955056179775,0.006802721088435374,0.00847457627118644,0.88,0.88
GABA-44-Pthlh-Pvalb,subclass,049 Lamp5 Gaba,1,0.011235955056179775,0.0055248618784530384,0.007407407407407408,0.95,0.95
GABA-44-Pthlh-Pvalb,subclass,051 Pvalb chandelier Gaba,86,0.9662921348314607,1.0,0.9828571428571428,0.9926744186046512,1.0
GABA-44-Pthlh-Pvalb,subclass,073 MEA-BST Sox6 Gaba,1,0.011235955056179775,0.007042253521126761,0.008658008658008658,1.0,1.0
GABA-45-Lamp5-Hctr2,subclass,050 Lamp5 Lhx6 Gaba,23,0.9583333333333334,1.0,0.9787234042553191,0.9969565217391304,1.0
GABA-45-Lamp5-Hctr2,subclass,079 CEA-BST Six3 Cyp26b1 Gaba,1,0.041666666666666664,0.002680965147453083,0.005037783375314861,0.99,0.99
GABA-46-Lamp5-Kit,subclass,012 MEA Slc17a7 Glut,1,0.005917159763313609,0.0012787723785166241,0.002103049421661409,1.0,1.0
GABA-46-Lamp5-Kit,subclass,049 Lamp5 Gaba,167,0.9881656804733728,0.9226519337016574,0.9542857142857143,0.9968263473053892,1.0
GABA-46-Lamp5-Kit,subclass,073 MEA-BST Sox6 Gaba,1,0.005917159763313609,0.007042253521126761,0.006430868167202572,0.91,0.91
GABA-47-Reln-Ndnf,subclass,014 LA-BLA-BMA-PA Glut,1,0.014925373134328358,0.0006779661016949153,0.0012970168612191958,0.86,0.86
GABA-47-Reln-Ndnf,subclass,046 Vip Gaba,1,0.014925373134328358,0.006802721088435374,0.009345794392523364,0.92,0.92
GABA-47-Reln-Ndnf,subclass,048 RHP-COA Ndnf Gaba,62,0.9253731343283582,0.8985507246376812,0.9117647058823529,0.9853225806451613,1.0
GABA-47-Reln-Ndnf,subclass,049 Lamp5 Gaba,1,0.014925373134328358,0.0055248618784530384,0.008064516129032258,0.81,0.81
GABA-47-Reln-Ndnf,subclass,064 STR-PAL Chst9 Gaba,1,0.014925373134328358,0.0035587188612099642,0.005747126436781609,0.91,0.91
GABA-47-Reln-Ndnf,subclass,073 MEA-BST Sox6 Gaba,1,0.014925373134328358,0.007042253521126761,0.009569377990430623,1.0,1.0
GABA-48-Reln-Crim1,subclass,048 RHP-COA Ndnf Gaba,2,0.02197802197802198,0.028985507246376812,0.024999999999999998,0.9450000000000001,0.9450000000000001
GABA-48-Reln-Crim1,subclass,049 Lamp5 Gaba,9,0.0989010989010989,0.049723756906077346,0.0661764705882353,0.9988888888888889,1.0
GABA-48-Reln-Crim1,subclass,065 IA Mgp Gaba,2,0.02197802197802198,0.06060606060606061,0.03225806451612903,1.0,1.0
GABA-48-Reln-Crim1,subclass,073 MEA-BST Sox6 Gaba,78,0.8571428571428571,0.5492957746478874,0.6695278969957082,0.9996153846153846,1.0
GABA-49-Npnt-Calca,subclass,065 IA Mgp Gaba,2,0.04878048780487805,0.06060606060606061,0.05405405405405405,0.995,0.995
GABA-49-Npnt-Calca,subclass,073 MEA-BST Sox6 Gaba,39,0.9512195121951219,0.2746478873239437,0.42622950819672134,0.9992307692307693,1.0
GABA-5-Pax6-Enpp2,subclass,064 STR-PAL Chst9 Gaba,12,0.5217391304347826,0.042704626334519574,0.07894736842105264,0.9933333333333333,0.99
GABA-5-Pax6-Enpp2,subclass,080 CEA-AAA-BST Six3 Sp9 Gaba,11,0.4782608695652174,0.07236842105263158,0.12571428571428572,0.9554545454545454,0.99
GABA-50-Chat-Vip,subclass,046 Vip Gaba,3,0.3333333333333333,0.02040816326530612,0.03846153846153846,1.0,1.0
GABA-50-Chat-Vip,subclass,058 PAL-STR Gaba-Chol,6,0.6666666666666666,0.8571428571428571,0.75,0.9983333333333334,1.0
GABA-51-Vip-Crh,subclass,014 LA-BLA-BMA-PA Glut,1,0.013513513513513514,0.0006779661016949153,0.001291155584247902,0.96,0.96
GABA-51-Vip-Crh,subclass,046 Vip Gaba,72,0.972972972972973,0.4897959183673469,0.65158371040724,0.9898611111111111,1.0
GABA-51-Vip-Crh,subclass,080 CEA-AAA-BST Six3 Sp9 Gaba,1,0.013513513513513514,0.006578947368421052,0.008849557522123894,0.95,0.95
GABA-52-Calb2-Rgs12,subclass,046 Vip Gaba,3,0.6,0.02040816326530612,0.039473684210526314,0.98,0.97
GABA-52-Calb2-Rgs12,subclass,047 Sncg Gaba,1,0.2,0.007751937984496124,0.014925373134328356,0.9,0.9
GABA-52-Calb2-Rgs12,subclass,049 Lamp5 Gaba,1,0.2,0.0055248618784530384,0.010752688172043012,0.94,0.94
GABA-53-Htr3a-Kcnc2,subclass,046 Vip Gaba,64,0.9552238805970149,0.43537414965986393,0.5981308411214953,0.97859375,1.0
GABA-53-Htr3a-Kcnc2,subclass,047 Sncg Gaba,1,0.014925373134328358,0.007751937984496124,0.01020408163265306,0.87,0.87
GABA-53-Htr3a-Kcnc2,subclass,048 RHP-COA Ndnf Gaba,2,0.029850746268656716,0.028985507246376812,0.029411764705882353,0.9099999999999999,0.9099999999999999
GABA-54-Scng-Kcnc2,subclass,046 Vip Gaba,2,0.03278688524590164,0.013605442176870748,0.01923076923076923,0.975,0.975
GABA-54-Scng-Kcnc2,subclass,047 Sncg Gaba,56,0.9180327868852459,0.43410852713178294,0.5894736842105263,0.9901785714285715,1.0
GABA-54-Scng-Kcnc2,subclass,048 RHP-COA Ndnf Gaba,1,0.01639344262295082,0.014492753623188406,0.015384615384615385,0.94,0.94
GABA-54-Scng-Kcnc2,subclass,049 Lamp5 Gaba,1,0.01639344262295082,0.0055248618784530384,0.008264462809917356,1.0,1.0
GABA-54-Scng-Kcnc2,subclass,082 CEA-BST Ebf1 Pdyn Gaba,1,0.01639344262295082,0.00398406374501992,0.006410256410256411,1.0,1.0
GABA-55-Sncg-Vip,subclass,046 Vip Gaba,1,0.045454545454545456,0.006802721088435374,0.011834319526627219,0.89,0.89
GABA-55-Sncg-Vip,subclass,047 Sncg Gaba,21,0.9545454545454546,0.16279069767441862,0.2781456953642384,0.9876190476190475,1.0
GABA-56-Sncg-Krt73,subclass,012 MEA Slc17a7 Glut,1,0.018867924528301886,0.0012787723785166241,0.0023952095808383233,0.92,0.92
GABA-56-Sncg-Krt73,subclass,047 Sncg Gaba,50,0.9433962264150944,0.3875968992248062,0.5494505494505495,0.987,1.0
GABA-56-Sncg-Krt73,subclass,048 RHP-COA Ndnf Gaba,1,0.018867924528301886,0.014492753623188406,0.01639344262295082,0.94,0.94
GABA-56-Sncg-Krt73,subclass,053 Sst Gaba,1,0.018867924528301886,0.008264462809917356,0.01149425287356322,1.0,1.0
GABA-6-Pax6-Th,subclass,062 STR D2 Gaba,1,0.008547008547008548,0.008695652173913044,0.008620689655172412,0.95,0.95
GABA-6-Pax6-Th,subclass,066 NDB-SI-ant Prdm12 Gaba,12,0.10256410256410256,1.0,0.18604651162790695,0.9975,1.0
GABA-6-Pax6-Th,subclass,079 CEA-BST Six3 Cyp26b1 Gaba,2,0.017094017094017096,0.005361930294906166,0.00816326530612245,0.985,0.985
GABA-6-Pax6-Th,subclass,080 CEA-AAA-BST Six3 Sp9 Gaba,101,0.8632478632478633,0.6644736842105263,0.7509293680297398,0.9871287128712871,1.0
GABA-6-Pax6-Th,subclass,082 CEA-BST Ebf1 Pdyn Gaba,1,0.008547008547008548,0.00398406374501992,0.005434782608695653,0.99,0.99
GABA-7-Pax6-Cyp26a1,subclass,062 STR D2 Gaba,1,0.03225806451612903,0.008695652173913044,0.013698630136986302,1.0,1.0
GABA-7-Pax6-Cyp26a1,subclass,079 CEA-BST Six3 Cyp26b1 Gaba,30,0.967741935483871,0.08042895442359249,0.1485148514851485,0.9916666666666667,1.0
GABA-8-Prkcd-Oprk1,subclass,062 STR D2 Gaba,1,0.009345794392523364,0.008695652173913044,0.009009009009009009,0.97,0.97
GABA-8-Prkcd-Oprk1,subclass,079 CEA-BST Six3 Cyp26b1 Gaba,104,0.9719626168224299,0.27882037533512066,0.4333333333333334,0.9985576923076922,1.0
GABA-8-Prkcd-Oprk1,subclass,080 CEA-AAA-BST Six3 Sp9 Gaba,2,0.018691588785046728,0.013157894736842105,0.015444015444015443,0.99,0.99
GABA-9-Prkcd-Ezr,subclass,079 CEA-BST Six3 Cyp26b1 Gaba,180,1.0,0.48257372654155495,0.650994575045208,0.9979444444444444,1.0
VGLUT1-1-Zic4_Trp73,subclass,009 L2/3 IT PIR-ENTl Glut,1,0.07692307692307693,0.006134969325153374,0.011363636363636362,0.95,0.95
VGLUT1-1-Zic4_Trp73,subclass,012 MEA Slc17a7 Glut,1,0.07692307692307693,0.0012787723785166241,0.002515723270440252,1.0,1.0
VGLUT1-1-Zic4_Trp73,subclass,013 COAp Grxcr2 Glut,1,0.07692307692307693,0.0019193857965451055,0.003745318352059925,1.0,1.0
VGLUT1-1-Zic4_Trp73,subclass,014 LA-BLA-BMA-PA Glut,9,0.6923076923076923,0.006101694915254237,0.012096774193548387,0.9677777777777778,1.0
VGLUT1-1-Zic4_Trp73,subclass,026 NLOT Rho Glut,1,0.07692307692307693,0.006211180124223602,0.011494252873563218,1.0,1.0
VGLUT1-10-Ermn_Mpped1,subclass,002 IT EP-CLA Glut,2,0.024096385542168676,0.125,0.04040404040404041,1.0,1.0
VGLUT1-10-Ermn_Mpped1,subclass,014 LA-BLA-BMA-PA Glut,81,0.9759036144578314,0.05491525423728814,0.10397946084724007,0.9972839506172839,1.0
VGLUT1-11-Cd36_Calb2,subclass,009 L2/3 IT PIR-ENTl Glut,2,0.015625,0.012269938650306749,0.013745704467353953,0.99,0.99
VGLUT1-11-Cd36_Calb2,subclass,014 LA-BLA-BMA-PA Glut,126,0.984375,0.08542372881355932,0.1572052401746725,0.996031746031746,1.0
VGLUT1-12-Gpr101_Grem1,subclass,012 MEA Slc17a7 Glut,9,0.09183673469387756,0.011508951406649617,0.020454545454545454,0.9555555555555555,0.98
VGLUT1-12-Gpr101_Grem1,subclass,014 LA-BLA-BMA-PA Glut,88,0.8979591836734694,0.059661016949152545,0.11188811188811189,0.9938636363636363,1.0
VGLUT1-12-Gpr101_Grem1,subclass,015 ENTmv-PA-COAp Glut,1,0.01020408163265306,0.16666666666666666,0.01923076923076923,0.99,0.99
VGLUT1-13-Dcn_C1ql2,subclass,013 COAp Grxcr2 Glut,1,0.01,0.0019193857965451055,0.00322061191626409,0.86,0.86
VGLUT1-13-Dcn_C1ql2,subclass,014 LA-BLA-BMA-PA Glut,96,0.96,0.06508474576271187,0.12190476190476189,0.9975,1.0
VGLUT1-13-Dcn_C1ql2,subclass,015 ENTmv-PA-COAp Glut,3,0.03,0.5,0.056603773584905655,0.9,0.87
VGLUT1-14-Cartpt_Fam46a,subclass,014 LA-BLA-BMA-PA Glut,12,1.0,0.008135593220338983,0.016139878950907866,1.0,1.0
VGLUT1-15-Fmo1_Rxfp3,subclass,013 COAp Grxcr2 Glut,1,0.00980392156862745,0.0019193857965451055,0.0032102728731942215,0.92,0.92
VGLUT1-15-Fmo1_Rxfp3,subclass,014 LA-BLA-BMA-PA Glut,101,0.9901960784313726,0.06847457627118644,0.12809131261889664,0.9981188118811881,1.0
VGLUT1-16-Fbln1_Il33,subclass,012 MEA Slc17a7 Glut,2,0.09523809523809523,0.0025575447570332483,0.0049813200498132005,0.88,0.88
VGLUT1-16-Fbln1_Il33,subclass,014 LA-BLA-BMA-PA Glut,4,0.19047619047619047,0.002711864406779661,0.0053475935828877,0.995,1.0
VGLUT1-16-Fbln1_Il33,subclass,015 ENTmv-PA-COAp Glut,1,0.047619047619047616,0.16666666666666666,0.07407407407407407,1.0,1.0
VGLUT1-16-Fbln1_Il33,subclass,037 DG Glut,14,0.6666666666666666,1.0,0.8,1.0,1.0
VGLUT1-17-Eps8_Cd44,subclass,014 LA-BLA-BMA-PA Glut,2,0.07692307692307693,0.0013559322033898306,0.002664890073284477,1.0,1.0
VGLUT1-17-Eps8_Cd44,subclass,017 CA3 Glut,24,0.9230769230769231,1.0,0.9600000000000001,0.9916666666666667,1.0
VGLUT1-18-Fibcd1_Vit,subclass,012 MEA Slc17a7 Glut,21,0.9130434782608695,0.026854219948849106,0.052173913043478265,0.9933333333333333,1.0
VGLUT1-18-Fibcd1_Vit,subclass,014 LA-BLA-BMA-PA Glut,2,0.08695652173913043,0.0013559322033898306,0.0026702269692923898,0.9650000000000001,0.9650000000000001
VGLUT1-19-Car12_Celsr1,subclass,012 MEA Slc17a7 Glut,268,0.9745454545454545,0.34271099744245526,0.5070955534531694,0.9883208955223881,1.0
VGLUT1-19-Car12_Celsr1,subclass,014 LA-BLA-BMA-PA Glut,7,0.025454545454545455,0.0047457627118644066,0.008,0.9828571428571429,1.0
VGLUT1-2-Rspo2_Sema3e,subclass,014 LA-BLA-BMA-PA Glut,369,1.0,0.2501694915254237,0.4002169197396963,0.9972628726287263,1.0
VGLUT1-20-Trh_Mdga1,subclass,012 MEA Slc17a7 Glut,9,0.9,0.011508951406649617,0.022727272727272728,0.9577777777777777,0.96
VGLUT1-20-Trh_Mdga1,subclass,013 COAp Grxcr2 Glut,1,0.1,0.0019193857965451055,0.0037664783427495295,0.97,0.97
VGLUT1-21-Trh_Rxfp1,subclass,013 COAp Grxcr2 Glut,225,1.0,0.43186180422264875,0.6032171581769437,0.9960888888888889,1.0
VGLUT1-22-Trh_Medag,subclass,012 MEA Slc17a7 Glut,1,0.004048582995951417,0.0012787723785166241,0.0019436345966958213,0.97,0.97
VGLUT1-22-Trh_Medag,subclass,013 COAp Grxcr2 Glut,245,0.9919028340080972,0.47024952015355087,0.6380208333333333,0.9979591836734694,1.0
VGLUT1-22-Trh_Medag,subclass,014 LA-BLA-BMA-PA Glut,1,0.004048582995951417,0.0006779661016949153,0.00116144018583043,1.0,1.0
VGLUT1-23-Trh_Kit,subclass,012 MEA Slc17a7 Glut,144,0.9113924050632911,0.18414322250639387,0.30638297872340425,0.9847222222222223,1.0
VGLUT1-23-Trh_Kit,subclass,013 COAp Grxcr2 Glut,14,0.08860759493670886,0.026871401151631478,0.041237113402061855,0.9450000000000001,0.96
VGLUT1-24-Trh_Slc23a3,subclass,013 COAp Grxcr2 Glut,10,1.0,0.019193857965451054,0.03766478342749528,0.977,1.0
VGLUT1-25-Plcxd3_Reln,subclass,008 L2/3 IT ENT Glut,1,0.005263157894736842,1.0,0.010471204188481674,1.0,1.0
VGLUT1-25-Plcxd3_Reln,subclass,009 L2/3 IT PIR-ENTl Glut,9,0.04736842105263158,0.05521472392638037,0.05099150141643059,0.9722222222222222,1.0
VGLUT1-25-Plcxd3_Reln,subclass,012 MEA Slc17a7 Glut,164,0.8631578947368421,0.20971867007672634,0.33744855967078186,0.9835975609756098,1.0
VGLUT1-25-Plcxd3_Reln,subclass,013 COAp Grxcr2 Glut,2,0.010526315789473684,0.003838771593090211,0.005625879043600562,0.865,0.865
VGLUT1-25-Plcxd3_Reln,subclass,014 LA-BLA-BMA-PA Glut,12,0.06315789473684211,0.008135593220338983,0.014414414414414416,0.9525,0.98
VGLUT1-25-Plcxd3_Reln,subclass,113 MEA-COA-BMA Ccdc42 Glut,2,0.010526315789473684,0.006153846153846154,0.007766990291262136,0.9299999999999999,0.9299999999999999
VGLUT1-26-Tac1_Igfbp5,subclass,012 MEA Slc17a7 Glut,24,0.8888888888888888,0.030690537084398978,0.059332509270704575,0.9883333333333333,1.0
VGLUT1-26-Tac1_Igfbp5,subclass,013 COAp Grxcr2 Glut,1,0.037037037037037035,0.0019193857965451055,0.0036496350364963502,1.0,1.0
VGLUT1-26-Tac1_Igfbp5,subclass,014 LA-BLA-BMA-PA Glut,2,0.07407407407407407,0.0013559322033898306,0.0026631158455392807,1.0,1.0
VGLUT1-27-Oasl2_Ifit1,subclass,009 L2/3 IT PIR-ENTl Glut,3,0.13043478260869565,0.018404907975460124,0.03225806451612903,0.9366666666666666,0.95
VGLUT1-27-Oasl2_Ifit1,subclass,012 MEA Slc17a7 Glut,12,0.5217391304347826,0.015345268542199489,0.029813664596273288,0.9991666666666666,1.0
VGLUT1-27-Oasl2_Ifit1,subclass,013 COAp Grxcr2 Glut,2,0.08695652173913043,0.003838771593090211,0.007352941176470588,1.0,1.0
VGLUT1-27-Oasl2_Ifit1,subclass,014 LA-BLA-BMA-PA Glut,6,0.2608695652173913,0.004067796610169492,0.00801068090787717,0.9899999999999999,1.0
VGLUT1-28-Grp_Cpne8,subclass,012 MEA Slc17a7 Glut,1,0.0038910505836575876,0.0012787723785166241,0.0019249278152069298,0.9,0.9
VGLUT1-28-Grp_Cpne8,subclass,014 LA-BLA-BMA-PA Glut,256,0.9961089494163424,0.17355932203389832,0.29561200923787534,0.993125,1.0
VGLUT1-29-St8sia2_Cald1,subclass,013 COAp Grxcr2 Glut,3,0.2,0.005758157389635317,0.011194029850746268,0.9866666666666667,1.0
VGLUT1-29-St8sia2_Cald1,subclass,014 LA-BLA-BMA-PA Glut,12,0.8,0.008135593220338983,0.016107382550335572,0.9500000000000001,0.97
VGLUT1-3-Sema5a_Dcn,subclass,014 LA-BLA-BMA-PA Glut,79,1.0,0.05355932203389831,0.10167310167310167,0.9989873417721519,1.0
VGLUT1-30-Gsg1l_Prox1,subclass,009 L2/3 IT PIR-ENTl Glut,9,0.75,0.05521472392638037,0.10285714285714284,0.9577777777777777,0.98
VGLUT1-30-Gsg1l_Prox1,subclass,013 COAp Grxcr2 Glut,3,0.25,0.005758157389635317,0.01125703564727955,0.93,0.92
VGLUT1-31-Igfn1_Ndst4,subclass,002 IT EP-CLA Glut,5,0.041666666666666664,0.3125,0.07352941176470587,1.0,1.0
VGLUT1-31-Igfn1_Ndst4,subclass,009 L2/3 IT PIR-ENTl Glut,108,0.9,0.6625766871165644,0.7632508833922261,0.9774999999999999,1.0
VGLUT1-31-Igfn1_Ndst4,subclass,012 MEA Slc17a7 Glut,4,0.03333333333333333,0.005115089514066497,0.00886917960088692,0.9825,1.0
VGLUT1-31-Igfn1_Ndst4,subclass,013 COAp Grxcr2 Glut,3,0.025,0.005758157389635317,0.0093603744149766,0.9233333333333333,0.92
VGLUT1-32-Mid1_Cdh22,subclass,009 L2/3 IT PIR-ENTl Glut,1,0.1111111111111111,0.006134969325153374,0.011627906976744186,0.95,0.95
VGLUT1-32-Mid1_Cdh22,subclass,013 COAp Grxcr2 Glut,6,0.6666666666666666,0.011516314779270634,0.022641509433962266,0.9366666666666666,0.96
VGLUT1-32-Mid1_Cdh22,subclass,014 LA-BLA-BMA-PA Glut,2,0.2222222222222222,0.0013559322033898306,0.0026954177897574125,0.935,0.935
VGLUT1-4-Wfs1_Sorcs3,subclass,014 LA-BLA-BMA-PA Glut,35,1.0,0.023728813559322035,0.046357615894039736,0.9948571428571429,1.0
VGLUT1-5-Cbln1_Coch,subclass,009 L2/3 IT PIR-ENTl Glut,7,0.6363636363636364,0.04294478527607362,0.08045977011494254,0.9328571428571427,0.96
VGLUT1-5-Cbln1_Coch,subclass,014 LA-BLA-BMA-PA Glut,4,0.36363636363636365,0.002711864406779661,0.005383580080753702,0.9675,0.99
VGLUT1-6-Thrsp_Lamp5,subclass,009 L2/3 IT PIR-ENTl Glut,19,0.1165644171779141,0.1165644171779141,0.1165644171779141,0.9315789473684211,0.96
VGLUT1-6-Thrsp_Lamp5,subclass,010 IT AON-TT-DP Glut,1,0.006134969325153374,1.0,0.012195121951219513,0.94,0.94
VGLUT1-6-Thrsp_Lamp5,subclass,012 MEA Slc17a7 Glut,1,0.006134969325153374,0.0012787723785166241,0.0021164021164021165,0.96,0.96
VGLUT1-6-Thrsp_Lamp5,subclass,013 COAp Grxcr2 Glut,2,0.012269938650306749,0.003838771593090211,0.005847953216374268,0.9550000000000001,0.9550000000000001
VGLUT1-6-Thrsp_Lamp5,subclass,014 LA-BLA-BMA-PA Glut,140,0.8588957055214724,0.09491525423728814,0.17094017094017094,0.9762857142857143,1.0
VGLUT1-7-Bok_Pamr1,subclass,003 L5/6 IT TPE-ENT Glut,18,0.24324324324324326,1.0,0.391304347826087,0.9572222222222222,0.975
VGLUT1-7-Bok_Pamr1,subclass,012 MEA Slc17a7 Glut,28,0.3783783783783784,0.03580562659846547,0.06542056074766354,0.9735714285714285,1.0
VGLUT1-7-Bok_Pamr1,subclass,014 LA-BLA-BMA-PA Glut,24,0.32432432432432434,0.016271186440677966,0.030987734021949646,0.9570833333333333,0.99
VGLUT1-7-Bok_Pamr1,subclass,026 NLOT Rho Glut,4,0.05405405405405406,0.024844720496894408,0.03404255319148936,0.95,0.97
VGLUT1-8-Sim1_C1ql1,subclass,012 MEA Slc17a7 Glut,1,0.006369426751592357,0.0012787723785166241,0.002129925452609159,0.91,0.91
VGLUT1-8-Sim1_C1ql1,subclass,026 NLOT Rho Glut,156,0.9936305732484076,0.968944099378882,0.9811320754716981,0.9990384615384615,1.0
VGLUT1-9-Gpx3_Rxfp1,subclass,002 IT EP-CLA Glut,5,0.3333333333333333,0.3125,0.3225806451612903,0.992,1.0
VGLUT1-9-Gpx3_Rxfp1,subclass,009 L2/3 IT PIR-ENTl Glut,4,0.26666666666666666,0.024539877300613498,0.0449438202247191,0.9975,1.0
VGLUT1-9-Gpx3_Rxfp1,subclass,014 LA-BLA-BMA-PA Glut,1,0.06666666666666667,0.0006779661016949153,0.0013422818791946308,0.99,0.99
VGLUT1-9-Gpx3_Rxfp1,subclass,015 ENTmv-PA-COAp Glut,1,0.06666666666666667,0.16666666666666666,0.09523809523809522,1.0,1.0
VGLUT1-9-Gpx3_Rxfp1,subclass,027 L6b EPd Glut,3,0.2,1.0,0.33333333333333337,0.98,0.99
VGLUT1-9-Gpx3_Rxfp1,subclass,028 L6b/CT ENT Glut,1,0.06666666666666667,1.0,0.125,1.0,1.0
VGLUT2-1-Trh_Tes,subclass,114 COAa-PAA-MEA Barhl2 Glut,51,1.0,0.09239130434782608,0.16915422885572137,1.0,1.0
VGLUT2-10-Grp_Emx2,subclass,114 COAa-PAA-MEA Barhl2 Glut,12,1.0,0.021739130434782608,0.042553191489361694,0.9991666666666666,1.0
VGLUT2-11-Ebf1_Fmod,subclass,113 MEA-COA-BMA Ccdc42 Glut,21,0.3559322033898305,0.06461538461538462,0.109375,0.9352380952380953,0.95
VGLUT2-11-Ebf1_Fmod,subclass,114 COAa-PAA-MEA Barhl2 Glut,38,0.6440677966101694,0.06884057971014493,0.12438625204582653,0.9776315789473684,1.0
VGLUT2-12-Pkib_Emx2,subclass,113 MEA-COA-BMA Ccdc42 Glut,1,0.1111111111111111,0.003076923076923077,0.005988023952095809,0.89,0.89
VGLUT2-12-Pkib_Emx2,subclass,114 COAa-PAA-MEA Barhl2 Glut,8,0.8888888888888888,0.014492753623188406,0.028520499108734405,0.99875,1.0
VGLUT2-13-Gpr88_Dgkk,subclass,114 COAa-PAA-MEA Barhl2 Glut,8,1.0,0.014492753623188406,0.02857142857142857,0.975,0.975
VGLUT2-14-Tshz1_Col23a1,subclass,114 COAa-PAA-MEA Barhl2 Glut,25,1.0,0.04528985507246377,0.08665511265164644,0.9956,1.0
VGLUT2-15-Rxfp1_Rspo3,subclass,114 COAa-PAA-MEA Barhl2 Glut,30,1.0,0.05434782608695652,0.10309278350515463,1.0,1.0
VGLUT2-16-Mpped1_Col23a1,subclass,114 COAa-PAA-MEA Barhl2 Glut,3,1.0,0.005434782608695652,0.010810810810810811,1.0,1.0
VGLUT2-17-Crh_Deptor,subclass,114 COAa-PAA-MEA Barhl2 Glut,14,1.0,0.025362318840579712,0.049469964664310966,0.9957142857142857,1.0
VGLUT2-18-Papp2_Cdh23,subclass,114 COAa-PAA-MEA Barhl2 Glut,15,0.9375,0.02717391304347826,0.0528169014084507,0.9993333333333333,1.0
VGLUT2-18-Papp2_Cdh23,subclass,120 MEA Otp Foxp2 Glut,1,0.0625,0.014705882352941176,0.023809523809523808,1.0,1.0
VGLUT2-19-Fst_Foxb1,subclass,114 COAa-PAA-MEA Barhl2 Glut,5,1.0,0.009057971014492754,0.017953321364452424,0.962,0.98
VGLUT2-2-Mafb_Ndnf,subclass,114 COAa-PAA-MEA Barhl2 Glut,39,1.0,0.07065217391304347,0.13197969543147206,1.0,1.0
VGLUT2-20-Zic5_Serpinb1b,subclass,012 MEA Slc17a7 Glut,11,0.8461538461538461,0.014066496163682864,0.027672955974842768,0.9900000000000001,1.0
VGLUT2-20-Zic5_Serpinb1b,subclass,113 MEA-COA-BMA Ccdc42 Glut,2,0.15384615384615385,0.006153846153846154,0.01183431952662722,0.995,0.995
VGLUT2-21-Neurod6_Rorb,subclass,012 MEA Slc17a7 Glut,59,0.9672131147540983,0.07544757033248081,0.13997627520759193,0.9964406779661017,1.0
VGLUT2-21-Neurod6_Rorb,subclass,113 MEA-COA-BMA Ccdc42 Glut,2,0.03278688524590164,0.006153846153846154,0.010362694300518133,0.985,0.985
VGLUT2-22-Ebf2_Mylk,subclass,012 MEA Slc17a7 Glut,11,0.5,0.014066496163682864,0.02736318407960199,0.9527272727272728,0.96
VGLUT2-22-Ebf2_Mylk,subclass,113 MEA-COA-BMA Ccdc42 Glut,7,0.3181818181818182,0.021538461538461538,0.04034582132564841,0.9071428571428571,0.9
VGLUT2-22-Ebf2_Mylk,subclass,114 COAa-PAA-MEA Barhl2 Glut,4,0.18181818181818182,0.007246376811594203,0.013937282229965157,0.9325,0.9550000000000001
VGLUT2-23-Nov_Gpr83,subclass,002 IT EP-CLA Glut,3,0.23076923076923078,0.1875,0.20689655172413793,0.9666666666666667,1.0
VGLUT2-23-Nov_Gpr83,subclass,113 MEA-COA-BMA Ccdc42 Glut,10,0.7692307692307693,0.03076923076923077,0.0591715976331361,0.9960000000000001,1.0
VGLUT2-24-Cdkn1c_Penk,subclass,014 LA-BLA-BMA-PA Glut,1,0.14285714285714285,0.0006779661016949153,0.0013495276653171392,0.87,0.87
VGLUT2-24-Cdkn1c_Penk,subclass,113 MEA-COA-BMA Ccdc42 Glut,6,0.8571428571428571,0.018461538461538463,0.03614457831325302,0.995,1.0
VGLUT2-25-Ebf3_Penk,subclass,113 MEA-COA-BMA Ccdc42 Glut,23,0.92,0.07076923076923076,0.13142857142857142,0.9843478260869566,1.0
VGLUT2-25-Ebf3_Penk,subclass,121 MEA-BST Otp Zic2 Glut,2,0.08,0.0625,0.07017543859649122,0.985,0.985
VGLUT2-26-Krt9_Matn2,subclass,113 MEA-COA-BMA Ccdc42 Glut,104,0.9719626168224299,0.32,0.4814814814814815,0.9816346153846154,0.995
VGLUT2-26-Krt9_Matn2,subclass,114 COAa-PAA-MEA Barhl2 Glut,3,0.028037383177570093,0.005434782608695652,0.009104704097116844,0.8533333333333334,0.82
VGLUT2-27-Cartpt_Igfbp6,subclass,002 IT EP-CLA Glut,1,0.041666666666666664,0.0625,0.05,0.99,0.99
VGLUT2-27-Cartpt_Igfbp6,subclass,012 MEA Slc17a7 Glut,6,0.25,0.0076726342710997444,0.01488833746898263,0.9866666666666667,1.0
VGLUT2-27-Cartpt_Igfbp6,subclass,113 MEA-COA-BMA Ccdc42 Glut,15,0.625,0.046153846153846156,0.08595988538681948,0.9826666666666667,1.0
VGLUT2-27-Cartpt_Igfbp6,subclass,114 COAa-PAA-MEA Barhl2 Glut,2,0.08333333333333333,0.0036231884057971015,0.006944444444444444,1.0,1.0
VGLUT2-28-Krt9_Penk,subclass,012 MEA Slc17a7 Glut,1,0.011904761904761904,0.0012787723785166241,0.002309468822170901,0.99,0.99
VGLUT2-28-Krt9_Penk,subclass,113 MEA-COA-BMA Ccdc42 Glut,83,0.9880952380952381,0.2553846153846154,0.40586797066014674,0.9800000000000001,1.0
VGLUT2-29-Tac1_Cartpt,subclass,113 MEA-COA-BMA Ccdc42 Glut,30,1.0,0.09230769230769231,0.16901408450704225,0.9916666666666667,1.0
VGLUT2-3-Cd34_Papp2,subclass,012 MEA Slc17a7 Glut,1,0.027777777777777776,0.0012787723785166241,0.0024449877750611247,0.99,0.99
VGLUT2-3-Cd34_Papp2,subclass,114 COAa-PAA-MEA Barhl2 Glut,35,0.9722222222222222,0.06340579710144928,0.11904761904761905,0.9988571428571429,1.0
VGLUT2-30-Otp_Penk,subclass,113 MEA-COA-BMA Ccdc42 Glut,16,0.8888888888888888,0.04923076923076923,0.09329446064139943,0.934375,0.94
VGLUT2-30-Otp_Penk,subclass,120 MEA Otp Foxp2 Glut,1,0.05555555555555555,0.014705882352941176,0.02325581395348837,0.98,0.98
VGLUT2-30-Otp_Penk,subclass,122 LHA-MEA Otp Glut,1,0.05555555555555555,0.041666666666666664,0.04761904761904762,0.91,0.91
VGLUT2-31-Otp_Greb1,subclass,114 COAa-PAA-MEA Barhl2 Glut,6,0.10714285714285714,0.010869565217391304,0.019736842105263153,0.9866666666666667,0.985
VGLUT2-31-Otp_Greb1,subclass,121 MEA-BST Otp Zic2 Glut,27,0.48214285714285715,0.84375,0.6136363636363635,0.975925925925926,1.0
VGLUT2-31-Otp_Greb1,subclass,122 LHA-MEA Otp Glut,23,0.4107142857142857,0.9583333333333334,0.575,0.9773913043478261,1.0
VGLUT2-32-Oxt_Avp,subclass,133 PVH-SO-PVa Otp Glut,3,1.0,1.0,1.0,1.0,1.0
VGLUT2-33-Nxph2_Calb1,subclass,113 MEA-COA-BMA Ccdc42 Glut,1,0.06666666666666667,0.003076923076923077,0.0058823529411764705,0.85,0.85
VGLUT2-33-Nxph2_Calb1,subclass,114 COAa-PAA-MEA Barhl2 Glut,14,0.9333333333333333,0.025362318840579712,0.04938271604938272,0.9678571428571429,1.0
VGLUT2-34-Gal_Col12a1,subclass,114 COAa-PAA-MEA Barhl2 Glut,41,0.9761904761904762,0.07427536231884058,0.13804713804713806,0.9921951219512195,1.0
VGLUT2-34-Gal_Col12a1,subclass,117 LHA Barhl2 Glut,1,0.023809523809523808,1.0,0.046511627906976744,1.0,1.0
VGLUT2-35-Nr4a2_Zfhx4,subclass,114 COAa-PAA-MEA Barhl2 Glut,42,1.0,0.07608695652173914,0.1414141414141414,0.9983333333333333,1.0
VGLUT2-36-Lxh1_Trp73,subclass,012 MEA Slc17a7 Glut,1,0.1111111111111111,0.0012787723785166241,0.0025284450063211127,1.0,1.0
VGLUT2-36-Lxh1_Trp73,subclass,113 MEA-COA-BMA Ccdc42 Glut,2,0.2222222222222222,0.006153846153846154,0.011976047904191617,0.985,0.985
VGLUT2-36-Lxh1_Trp73,subclass,114 COAa-PAA-MEA Barhl2 Glut,2,0.2222222222222222,0.0036231884057971015,0.007130124777183601,0.975,0.975
VGLUT2-36-Lxh1_Trp73,subclass,118 ADP-MPO Trp73 Glut,3,0.3333333333333333,1.0,0.5,0.9899999999999999,1.0
VGLUT2-36-Lxh1_Trp73,subclass,119 SI-MA-LPO-LHA Skor1 Glut,1,0.1111111111111111,0.013888888888888888,0.024691358024691357,1.0,1.0
VGLUT2-37-Rspo3_Nfib,subclass,013 COAp Grxcr2 Glut,1,0.05263157894736842,0.0019193857965451055,0.003703703703703704,0.95,0.95
VGLUT2-37-Rspo3_Nfib,subclass,119 SI-MA-LPO-LHA Skor1 Glut,18,0.9473684210526315,0.25,0.39560439560439564,0.9994444444444444,1.0
VGLUT2-38-Vwc2_Eomes,subclass,035 OB Eomes Ms4a15 Glut,1,0.029411764705882353,1.0,0.05714285714285715,1.0,1.0
VGLUT2-38-Vwc2_Eomes,subclass,114 COAa-PAA-MEA Barhl2 Glut,5,0.14705882352941177,0.009057971014492754,0.01706484641638225,1.0,1.0
VGLUT2-38-Vwc2_Eomes,subclass,119 SI-MA-LPO-LHA Skor1 Glut,28,0.8235294117647058,0.3888888888888889,0.5283018867924528,0.9942857142857143,1.0
VGLUT2-39-Tcf7l2_Skor1,subclass,114 COAa-PAA-MEA Barhl2 Glut,3,0.10714285714285714,0.005434782608695652,0.010344827586206896,0.9433333333333334,0.93
VGLUT2-39-Tcf7l2_Skor1,subclass,119 SI-MA-LPO-LHA Skor1 Glut,25,0.8928571428571429,0.3472222222222222,0.5,0.9972,1.0
VGLUT2-4-Cdhr1_Zeb2,subclass,114 COAa-PAA-MEA Barhl2 Glut,49,1.0,0.08876811594202899,0.16306156405990016,0.9997959183673469,1.0
VGLUT2-40-Otp_Pnoc,subclass,121 MEA-BST Otp Zic2 Glut,3,1.0,0.09375,0.17142857142857143,0.98,1.0
VGLUT2-41-Otp_Crabp1,subclass,120 MEA Otp Foxp2 Glut,24,1.0,0.35294117647058826,0.5217391304347826,0.9954166666666667,1.0
VGLUT2-42-Otp_Sema3c,subclass,120 MEA Otp Foxp2 Glut,42,1.0,0.6176470588235294,0.7636363636363637,0.9778571428571429,0.995
VGLUT2-5-Runx1_Zeb2,subclass,114 COAa-PAA-MEA Barhl2 Glut,21,1.0,0.03804347826086957,0.07329842931937172,1.0,1.0
VGLUT2-6-Peg10_Calcr,subclass,114 COAa-PAA-MEA Barhl2 Glut,17,1.0,0.030797101449275364,0.05975395430579965,0.9964705882352942,1.0
VGLUT2-7-Rxfp1_Cd24a,subclass,114 COAa-PAA-MEA Barhl2 Glut,11,1.0,0.019927536231884056,0.039076376554174064,0.9990909090909091,1.0
VGLUT2-8-Chrdl1_Abi3bp,subclass,114 COAa-PAA-MEA Barhl2 Glut,13,1.0,0.02355072463768116,0.04601769911504425,1.0,1.0
VGLUT2-9-Tacr3_Npnt,subclass,114 COAa-PAA-MEA Barhl2 Glut,32,1.0,0.057971014492753624,0.1095890410958904,1.0,1.0
GABA-1-Foxp2_Fmod,supertype,0289 STR-PAL Chst9 Gaba_5,1,0.034482758620689655,0.021739130434782608,0.026666666666666665,0.99,0.99
GABA-1-Foxp2_Fmod,supertype,0291 IA Mgp Gaba_2,5,0.1724137931034483,1.0,0.29411764705882354,0.992,1.0
GABA-1-Foxp2_Fmod,supertype,0292 IA Mgp Gaba_3,22,0.7586206896551724,0.9565217391304348,0.8461538461538461,0.9945454545454545,1.0
GABA-1-Foxp2_Fmod,supertype,0505 MEA-COA-BMA Ccdc42 Glut_1,1,0.034482758620689655,0.007194244604316547,0.011904761904761906,0.86,0.86
GABA-10-Prkcd-Adora2a,supertype,0274 STR D2 Gaba_1,1,0.16666666666666666,0.015151515151515152,0.027777777777777776,1.0,1.0
GABA-10-Prkcd-Adora2a,supertype,0368 CEA-BST Six3 Cyp26b1 Gaba_2,5,0.8333333333333334,0.02336448598130841,0.04545454545454545,1.0,1.0
GABA-11-Adora2a-Id4,supertype,0274 STR D2 Gaba_1,17,0.24285714285714285,0.25757575757575757,0.25,0.9847058823529411,0.99
GABA-11-Adora2a-Id4,supertype,0280 STR D2 Gaba_7,9,0.12857142857142856,0.8181818181818182,0.2222222222222222,0.9577777777777777,0.99
GABA-11-Adora2a-Id4,supertype,0369 CEA-BST Six3 Cyp26b1 Gaba_3,3,0.04285714285714286,0.13043478260869565,0.06451612903225808,0.9566666666666667,0.94
GABA-11-Adora2a-Id4,supertype,0371 CEA-BST Six3 Cyp26b1 Gaba_5,40,0.5714285714285714,0.8888888888888888,0.6956521739130435,0.99275,1.0
GABA-11-Adora2a-Id4,supertype,0511 COAa-PAA-MEA Barhl2 Glut_3,1,0.014285714285714285,0.006756756756756757,0.009174311926605505,0.97,0.97
GABA-12-Adora2a-Scn4b,supertype,0274 STR D2 Gaba_1,46,0.7419354838709677,0.696969696969697,0.71875,0.9860869565217392,1.0
GABA-12-Adora2a-Scn4b,supertype,0275 STR D2 Gaba_2,1,0.016129032258064516,1.0,0.031746031746031744,1.0,1.0
GABA-12-Adora2a-Scn4b,supertype,0276 STR D2 Gaba_3,4,0.06451612903225806,0.8,0.11940298507462686,0.99,0.995
GABA-12-Adora2a-Scn4b,supertype,0278 STR D2 Gaba_5,2,0.03225806451612903,0.16666666666666666,0.05405405405405405,0.85,0.85
GABA-12-Adora2a-Scn4b,supertype,0279 STR D2 Gaba_6,1,0.016129032258064516,1.0,0.031746031746031744,1.0,1.0
GABA-12-Adora2a-Scn4b,supertype,0368 CEA-BST Six3 Cyp26b1 Gaba_2,2,0.03225806451612903,0.009345794392523364,0.014492753623188403,0.99,0.99
GABA-12-Adora2a-Scn4b,supertype,0371 CEA-BST Six3 Cyp26b1 Gaba_5,4,0.06451612903225806,0.08888888888888889,0.07476635514018691,1.0,1.0
GABA-12-Adora2a-Scn4b,supertype,0376 CEA-AAA-BST Six3 Sp9 Gaba_4,2,0.03225806451612903,0.044444444444444446,0.037383177570093455,1.0,1.0
GABA-13-Adora2a-Crh,supertype,0269 STR D1 Gaba_5,1,0.07692307692307693,0.05,0.060606060606060615,1.0,1.0
GABA-13-Adora2a-Crh,supertype,0274 STR D2 Gaba_1,2,0.15384615384615385,0.030303030303030304,0.05063291139240506,0.985,0.985
GABA-13-Adora2a-Crh,supertype,0278 STR D2 Gaba_5,10,0.7692307692307693,0.8333333333333334,0.8,0.982,1.0
GABA-14-Drd1-Scn4b,supertype,0264 OT D3 Folh1 Gaba_3,4,0.16,1.0,0.2758620689655173,1.0,1.0
GABA-14-Drd1-Scn4b,supertype,0265 STR D1 Gaba_1,3,0.12,1.0,0.21428571428571425,1.0,1.0
GABA-14-Drd1-Scn4b,supertype,0267 STR D1 Gaba_3,1,0.04,1.0,0.07692307692307693,0.98,0.98
GABA-14-Drd1-Scn4b,supertype,0269 STR D1 Gaba_5,15,0.6,0.75,0.6666666666666665,0.9866666666666667,1.0
GABA-14-Drd1-Scn4b,supertype,0270 STR D1 Gaba_6,2,0.08,1.0,0.14814814814814814,0.925,0.925
GABA-15-Drd1-Ebf1,supertype,0269 STR D1 Gaba_5,4,0.3076923076923077,0.2,0.24242424242424246,0.9625,0.99
GABA-15-Drd1-Ebf1,supertype,0271 STR D1 Gaba_7,8,0.6153846153846154,1.0,0.761904761904762,0.96875,0.98
GABA-15-Drd1-Ebf1,supertype,0386 CEA-BST Ebf1 Pdyn Gaba_3,1,0.07692307692307693,0.00847457627118644,0.015267175572519082,1.0,1.0
GABA-16-Prkcd-Nts,supertype,0386 CEA-BST Ebf1 Pdyn Gaba_3,44,1.0,0.3728813559322034,0.54320987654321,0.9997727272727274,1.0
GABA-17-Pdyn-Ebf1,supertype,0386 CEA-BST Ebf1 Pdyn Gaba_3,70,1.0,0.5932203389830508,0.7446808510638298,0.9991428571428571,1.0
GABA-18-Isl1-Tac1,supertype,0288 STR-PAL Chst9 Gaba_4,1,0.04,0.01,0.016,0.98,0.98
GABA-18-Isl1-Tac1,supertype,0381 ACB-BST-FS D1 Gaba_1,1,0.04,0.5,0.07407407407407407,1.0,1.0
GABA-18-Isl1-Tac1,supertype,0385 CEA-BST Ebf1 Pdyn Gaba_2,22,0.88,0.88,0.88,0.9990909090909091,1.0
GABA-18-Isl1-Tac1,supertype,0425 BST-MPN Six3 Nrgn Gaba_6,1,0.04,0.047619047619047616,0.043478260869565216,1.0,1.0
GABA-19-Isl1-Aldoc,supertype,0381 ACB-BST-FS D1 Gaba_1,1,0.0196078431372549,0.5,0.03773584905660377,1.0,1.0
GABA-19-Isl1-Aldoc,supertype,0382 ACB-BST-FS D1 Gaba_2,1,0.0196078431372549,1.0,0.038461538461538464,0.85,0.85
GABA-19-Isl1-Aldoc,supertype,0384 CEA-BST Ebf1 Pdyn Gaba_1,20,0.39215686274509803,0.7407407407407407,0.5128205128205128,0.9625,0.98
GABA-19-Isl1-Aldoc,supertype,0385 CEA-BST Ebf1 Pdyn Gaba_2,3,0.058823529411764705,0.12,0.07894736842105263,0.93,0.99
GABA-19-Isl1-Aldoc,supertype,0386 CEA-BST Ebf1 Pdyn Gaba_3,1,0.0196078431372549,0.00847457627118644,0.011834319526627219,0.95,0.95
GABA-19-Isl1-Aldoc,supertype,0387 CEA-BST Ebf1 Pdyn Gaba_4,12,0.23529411764705882,1.0,0.38095238095238093,0.9708333333333333,0.975
GABA-19-Isl1-Aldoc,supertype,0388 CEA-BST Ebf1 Pdyn Gaba_5,6,0.11764705882352941,0.8571428571428571,0.2068965517241379,0.9916666666666667,0.995
GABA-19-Isl1-Aldoc,supertype,0390 CEA-BST Ebf1 Pdyn Gaba_7,2,0.0392156862745098,0.6666666666666666,0.07407407407407407,1.0,1.0
GABA-19-Isl1-Aldoc,supertype,0391 CEA-BST Ebf1 Pdyn Gaba_8,4,0.0784313725490196,1.0,0.14545454545454545,1.0,1.0
GABA-19-Isl1-Aldoc,supertype,0394 BST-SI-AAA Six3 Slc22a3 Gaba_1,1,0.0196078431372549,1.0,0.038461538461538464,1.0,1.0
GABA-2-Foxp2_Adra2a,supertype,0286 STR-PAL Chst9 Gaba_2,87,0.9456521739130435,0.9886363636363636,0.9666666666666666,0.9957471264367815,1.0
GABA-2-Foxp2_Adra2a,supertype,0288 STR-PAL Chst9 Gaba_4,1,0.010869565217391304,0.01,0.010416666666666666,0.96,0.96
GABA-2-Foxp2_Adra2a,supertype,0289 STR-PAL Chst9 Gaba_5,3,0.03260869565217391,0.06521739130434782,0.04347826086956522,0.9166666666666666,0.9
GABA-2-Foxp2_Adra2a,supertype,0292 IA Mgp Gaba_3,1,0.010869565217391304,0.043478260869565216,0.017391304347826087,1.0,1.0
GABA-20-Gpr101-Gabre,supertype,0384 CEA-BST Ebf1 Pdyn Gaba_1,6,0.75,0.2222222222222222,0.34285714285714286,0.9433333333333334,0.95
GABA-20-Gpr101-Gabre,supertype,0386 CEA-BST Ebf1 Pdyn Gaba_3,1,0.125,0.00847457627118644,0.015873015873015872,1.0,1.0
GABA-20-Gpr101-Gabre,supertype,0389 CEA-BST Ebf1 Pdyn Gaba_6,1,0.125,0.1,0.11111111111111112,0.89,0.89
GABA-21-Vdr-Nts,supertype,0384 CEA-BST Ebf1 Pdyn Gaba_1,1,0.09090909090909091,0.037037037037037035,0.05263157894736842,0.91,0.91
GABA-21-Vdr-Nts,supertype,0388 CEA-BST Ebf1 Pdyn Gaba_5,1,0.09090909090909091,0.14285714285714285,0.1111111111111111,1.0,1.0
GABA-21-Vdr-Nts,supertype,0389 CEA-BST Ebf1 Pdyn Gaba_6,9,0.8181818181818182,0.9,0.8571428571428572,0.9866666666666668,1.0
GABA-22-Gal-Avp,supertype,0347 MEA-BST Lhx6 Sp9 Gaba_1,1,0.03225806451612903,0.023809523809523808,0.0273972602739726,1.0,1.0
GABA-22-Gal-Avp,supertype,0363 CEA-BST Gal Avp Gaba_1,13,0.41935483870967744,1.0,0.5909090909090909,1.0,1.0
GABA-22-Gal-Avp,supertype,0425 BST-MPN Six3 Nrgn Gaba_6,17,0.5483870967741935,0.8095238095238095,0.6538461538461537,1.0,1.0
GABA-23-Fign-Lrpprc,supertype,0352 MEA-BST Lhx6 Sp9 Gaba_6,5,0.12195121951219512,1.0,0.21739130434782605,0.9879999999999999,1.0
GABA-23-Fign-Lrpprc,supertype,0373 CEA-AAA-BST Six3 Sp9 Gaba_1,30,0.7317073170731707,0.9090909090909091,0.8108108108108109,0.9853333333333333,1.0
GABA-23-Fign-Lrpprc,supertype,0375 CEA-AAA-BST Six3 Sp9 Gaba_3,1,0.024390243902439025,0.3333333333333333,0.04545454545454545,1.0,1.0
GABA-23-Fign-Lrpprc,supertype,0379 CEA-AAA-BST Six3 Sp9 Gaba_7,1,0.024390243902439025,1.0,0.047619047619047616,0.98,0.98
GABA-23-Fign-Lrpprc,supertype,0396 SI-MPO-LPO Lhx8 Gaba_1,1,0.024390243902439025,0.1,0.03921568627450981,0.84,0.84
GABA-23-Fign-Lrpprc,supertype,0425 BST-MPN Six3 Nrgn Gaba_6,3,0.07317073170731707,0.14285714285714285,0.0967741935483871,1.0,1.0
GABA-24-Fign-Ucn3,supertype,0288 STR-PAL Chst9 Gaba_4,1,0.03125,0.01,0.015151515151515152,1.0,1.0
GABA-24-Fign-Ucn3,supertype,0349 MEA-BST Lhx6 Sp9 Gaba_3,8,0.25,0.25,0.25,0.98625,1.0
GABA-24-Fign-Ucn3,supertype,0350 MEA-BST Lhx6 Sp9 Gaba_4,2,0.0625,0.05405405405405406,0.057971014492753624,0.9,0.9
GABA-24-Fign-Ucn3,supertype,0351 MEA-BST Lhx6 Sp9 Gaba_5,20,0.625,0.8333333333333334,0.7142857142857143,0.983,1.0
GABA-24-Fign-Ucn3,supertype,0509 COAa-PAA-MEA Barhl2 Glut_1,1,0.03125,0.005847953216374269,0.009852216748768473,0.93,0.93
GABA-25-Lhx8-Th,supertype,0055 MEA Slc17a7 Glut_1,1,0.018867924528301886,0.002551020408163265,0.00449438202247191,0.86,0.86
GABA-25-Lhx8-Th,supertype,0245 NDB-SI-MA-STRv Lhx8 Gaba_2,5,0.09433962264150944,1.0,0.1724137931034483,0.924,0.98
GABA-25-Lhx8-Th,supertype,0248 NDB-SI-MA-STRv Lhx8 Gaba_5,3,0.05660377358490566,1.0,0.10714285714285715,0.9966666666666667,1.0
GABA-25-Lhx8-Th,supertype,0249 NDB-SI-MA-STRv Lhx8 Gaba_6,21,0.39622641509433965,1.0,0.5675675675675675,0.9890476190476191,1.0
GABA-25-Lhx8-Th,supertype,0251 NDB-SI-MA-STRv Lhx8 Gaba_8,1,0.018867924528301886,1.0,0.037037037037037035,1.0,1.0
GABA-25-Lhx8-Th,supertype,0252 NDB-SI-MA-STRv Lhx8 Gaba_9,8,0.1509433962264151,1.0,0.26229508196721313,0.9725,1.0
GABA-25-Lhx8-Th,supertype,0254 NDB-SI-MA-STRv Lhx8 Gaba_11,1,0.018867924528301886,1.0,0.037037037037037035,1.0,1.0
GABA-25-Lhx8-Th,supertype,0255 NDB-SI-MA-STRv Lhx8 Gaba_12,3,0.05660377358490566,1.0,0.10714285714285715,0.9666666666666667,0.96
GABA-25-Lhx8-Th,supertype,0261 PAL-STR Gaba-Chol_3,1,0.018867924528301886,1.0,0.037037037037037035,1.0,1.0
GABA-25-Lhx8-Th,supertype,0396 SI-MPO-LPO Lhx8 Gaba_1,9,0.16981132075471697,0.9,0.2857142857142857,1.0,1.0
GABA-26-Cbln4-Sst,supertype,0355 MEA-BST Lhx6 Nr2e1 Gaba_2,18,0.75,0.4186046511627907,0.5373134328358209,0.9983333333333333,1.0
GABA-26-Cbln4-Sst,supertype,0356 MEA-BST Lhx6 Nr2e1 Gaba_3,6,0.25,0.2,0.22222222222222224,0.965,0.99
GABA-27-Lhx6-Nxph2,supertype,0244 NDB-SI-MA-STRv Lhx8 Gaba_1,2,0.024096385542168676,1.0,0.047058823529411764,0.95,0.95
GABA-27-Lhx6-Nxph2,supertype,0253 NDB-SI-MA-STRv Lhx8 Gaba_10,2,0.024096385542168676,1.0,0.047058823529411764,0.9450000000000001,0.9450000000000001
GABA-27-Lhx6-Nxph2,supertype,0256 NDB-SI-MA-STRv Lhx8 Gaba_13,1,0.012048192771084338,1.0,0.02380952380952381,1.0,1.0
GABA-27-Lhx6-Nxph2,supertype,0340 MEA-BST Sox6 Gaba_4,1,0.012048192771084338,0.058823529411764705,0.02,1.0,1.0
GABA-27-Lhx6-Nxph2,supertype,0341 MEA-BST Sox6 Gaba_5,1,0.012048192771084338,1.0,0.02380952380952381,1.0,1.0
GABA-27-Lhx6-Nxph2,supertype,0347 MEA-BST Lhx6 Sp9 Gaba_1,4,0.04819277108433735,0.09523809523809523,0.064,0.9525,0.9450000000000001
GABA-27-Lhx6-Nxph2,supertype,0349 MEA-BST Lhx6 Sp9 Gaba_3,24,0.2891566265060241,0.75,0.417391304347826,0.9824999999999999,1.0
GABA-27-Lhx6-Nxph2,supertype,0350 MEA-BST Lhx6 Sp9 Gaba_4,20,0.24096385542168675,0.5405405405405406,0.3333333333333333,0.967,0.99
GABA-27-Lhx6-Nxph2,supertype,0351 MEA-BST Lhx6 Sp9 Gaba_5,3,0.03614457831325301,0.125,0.05607476635514018,0.9866666666666667,0.99
GABA-27-Lhx6-Nxph2,supertype,0355 MEA-BST Lhx6 Nr2e1 Gaba_2,25,0.30120481927710846,0.5813953488372093,0.39682539682539686,0.9984000000000001,1.0
GABA-28-Cbln4-Luzp2,supertype,0194 RHP-COA Ndnf Gaba_2,1,0.058823529411764705,0.018867924528301886,0.028571428571428574,0.9,0.9
GABA-28-Cbln4-Luzp2,supertype,0338 MEA-BST Sox6 Gaba_2,1,0.058823529411764705,0.015625,0.024691358024691357,1.0,1.0
GABA-28-Cbln4-Luzp2,supertype,0340 MEA-BST Sox6 Gaba_4,15,0.8823529411764706,0.8823529411764706,0.8823529411764706,0.9973333333333334,1.0
GABA-29-Prlr-Greb1,supertype,0347 MEA-BST Lhx6 Sp9 Gaba_1,37,0.7254901960784313,0.8809523809523809,0.7956989247311828,0.9697297297297298,1.0
GABA-29-Prlr-Greb1,supertype,0350 MEA-BST Lhx6 Sp9 Gaba_4,14,0.27450980392156865,0.3783783783783784,0.3181818181818182,0.9714285714285714,1.0
GABA-3-Foxp2_Col6a1,supertype,0056 MEA Slc17a7 Glut_2,1,0.007518796992481203,0.005376344086021506,0.006269592476489028,0.86,0.86
GABA-3-Foxp2_Col6a1,supertype,0199 Lamp5 Gaba_1,1,0.007518796992481203,0.0058823529411764705,0.0066006600660066,0.89,0.89
GABA-3-Foxp2_Col6a1,supertype,0281 STR D1 Sema5a Gaba_1,1,0.007518796992481203,1.0,0.014925373134328356,0.98,0.98
GABA-3-Foxp2_Col6a1,supertype,0284 STR D1 Sema5a Gaba_4,8,0.06015037593984962,1.0,0.11347517730496454,0.98125,0.985
GABA-3-Foxp2_Col6a1,supertype,0287 STR-PAL Chst9 Gaba_3,7,0.05263157894736842,1.0,0.1,0.9385714285714286,0.93
GABA-3-Foxp2_Col6a1,supertype,0288 STR-PAL Chst9 Gaba_4,96,0.7218045112781954,0.96,0.8240343347639485,0.9613541666666667,0.985
GABA-3-Foxp2_Col6a1,supertype,0289 STR-PAL Chst9 Gaba_5,16,0.12030075187969924,0.34782608695652173,0.17877094972067037,0.958125,0.99
GABA-3-Foxp2_Col6a1,supertype,0373 CEA-AAA-BST Six3 Sp9 Gaba_1,1,0.007518796992481203,0.030303030303030304,0.012048192771084336,1.0,1.0
GABA-3-Foxp2_Col6a1,supertype,0374 CEA-AAA-BST Six3 Sp9 Gaba_2,1,0.007518796992481203,0.018867924528301886,0.010752688172043012,0.88,0.88
GABA-3-Foxp2_Col6a1,supertype,0511 COAa-PAA-MEA Barhl2 Glut_3,1,0.007518796992481203,0.006756756756756757,0.007117437722419929,1.0,1.0
GABA-30-Prlr-Calcr,supertype,0233 STR Prox1 Lhx6 Gaba_1,1,0.02,0.034482758620689655,0.02531645569620253,1.0,1.0
GABA-30-Prlr-Calcr,supertype,0354 MEA-BST Lhx6 Nr2e1 Gaba_1,44,0.88,1.0,0.9361702127659575,0.9981818181818182,1.0
GABA-30-Prlr-Calcr,supertype,0356 MEA-BST Lhx6 Nr2e1 Gaba_3,1,0.02,0.03333333333333333,0.025,0.99,0.99
GABA-30-Prlr-Calcr,supertype,0359 MEA-BST Lhx6 Nfib Gaba_3,4,0.08,0.04395604395604396,0.056737588652482275,0.99,1.0
GABA-31-Prlr-Cbln1,supertype,0357 MEA-BST Lhx6 Nfib Gaba_1,1,0.058823529411764705,0.09090909090909091,0.07142857142857142,0.96,0.96
GABA-31-Prlr-Cbln1,supertype,0359 MEA-BST Lhx6 Nfib Gaba_3,16,0.9411764705882353,0.17582417582417584,0.29629629629629634,0.98875,1.0
GABA-32-Prlr-Tac1,supertype,0351 MEA-BST Lhx6 Sp9 Gaba_5,1,0.012658227848101266,0.041666666666666664,0.019417475728155338,0.86,0.86
GABA-32-Prlr-Tac1,supertype,0357 MEA-BST Lhx6 Nfib Gaba_1,3,0.0379746835443038,0.2727272727272727,0.06666666666666667,0.9733333333333333,1.0
GABA-32-Prlr-Tac1,supertype,0358 MEA-BST Lhx6 Nfib Gaba_2,4,0.05063291139240506,0.06896551724137931,0.05839416058394161,0.9725,1.0
GABA-32-Prlr-Tac1,supertype,0359 MEA-BST Lhx6 Nfib Gaba_3,71,0.8987341772151899,0.7802197802197802,0.8352941176470589,0.9935211267605635,1.0
GABA-33-Prlr-St18,supertype,0233 STR Prox1 Lhx6 Gaba_1,1,0.016129032258064516,0.034482758620689655,0.02197802197802198,1.0,1.0
GABA-33-Prlr-St18,supertype,0337 MEA-BST Sox6 Gaba_1,1,0.016129032258064516,0.06666666666666667,0.025974025974025976,1.0,1.0
GABA-33-Prlr-St18,supertype,0358 MEA-BST Lhx6 Nfib Gaba_2,54,0.8709677419354839,0.9310344827586207,0.9,0.9962962962962962,1.0
GABA-33-Prlr-St18,supertype,0362 MEA-BST Lhx6 Nfib Gaba_6,6,0.0967741935483871,0.24,0.1379310344827586,0.9616666666666666,0.96
GABA-34-Prlr-Satb1,supertype,0356 MEA-BST Lhx6 Nr2e1 Gaba_3,1,0.125,0.03333333333333333,0.052631578947368425,1.0,1.0
GABA-34-Prlr-Satb1,supertype,0357 MEA-BST Lhx6 Nfib Gaba_1,7,0.875,0.6363636363636364,0.7368421052631579,0.9385714285714286,1.0
GABA-35-Chodl-Moxd1,supertype,0215 Sst Gaba_2,4,0.17391304347826086,0.05714285714285714,0.08602150537634408,1.0,1.0
GABA-35-Chodl-Moxd1,supertype,0233 STR Prox1 Lhx6 Gaba_1,1,0.043478260869565216,0.034482758620689655,0.038461538461538464,1.0,1.0
GABA-35-Chodl-Moxd1,supertype,0353 MEA-BST Lhx6 Sp9 Gaba_7,1,0.043478260869565216,1.0,0.08333333333333333,1.0,1.0
GABA-35-Chodl-Moxd1,supertype,0362 MEA-BST Lhx6 Nfib Gaba_6,17,0.7391304347826086,0.68,0.7083333333333334,1.0,1.0
GABA-36-Sst-Fign,supertype,0215 Sst Gaba_2,17,0.4146341463414634,0.24285714285714285,0.3063063063063063,0.9958823529411764,1.0
GABA-36-Sst-Fign,supertype,0226 Sst Gaba_13,1,0.024390243902439025,0.5,0.046511627906976744,1.0,1.0
GABA-36-Sst-Fign,supertype,0241 Sst Chodl Gaba_4,1,0.024390243902439025,0.1111111111111111,0.04,1.0,1.0
GABA-36-Sst-Fign,supertype,0356 MEA-BST Lhx6 Nr2e1 Gaba_3,22,0.5365853658536586,0.7333333333333333,0.6197183098591549,0.9936363636363637,1.0
GABA-37-Sst-Npy,supertype,0231 Sst Gaba_18,1,0.047619047619047616,0.2,0.07692307692307693,1.0,1.0
GABA-37-Sst-Npy,supertype,0238 Sst Chodl Gaba_1,2,0.09523809523809523,1.0,0.17391304347826084,1.0,1.0
GABA-37-Sst-Npy,supertype,0239 Sst Chodl Gaba_2,5,0.23809523809523808,1.0,0.3846153846153846,0.994,1.0
GABA-37-Sst-Npy,supertype,0240 Sst Chodl Gaba_3,1,0.047619047619047616,1.0,0.0909090909090909,1.0,1.0
GABA-37-Sst-Npy,supertype,0241 Sst Chodl Gaba_4,8,0.38095238095238093,0.8888888888888888,0.5333333333333333,0.9924999999999999,1.0
GABA-37-Sst-Npy,supertype,0242 Sst Chodl Gaba_5,1,0.047619047619047616,0.5,0.08695652173913042,0.91,0.91
GABA-37-Sst-Npy,supertype,0243 Sst Chodl Gaba_6,1,0.047619047619047616,1.0,0.0909090909090909,0.99,0.99
GABA-37-Sst-Npy,supertype,0294 IA Mgp Gaba_5,1,0.047619047619047616,0.25,0.08,1.0,1.0
GABA-37-Sst-Npy,supertype,0392 CEA-BST Rai14 Pdyn Crh Gaba_1,1,0.047619047619047616,1.0,0.0909090909090909,0.93,0.93
GABA-38-Sst-Tmtc4,supertype,0215 Sst Gaba_2,48,0.8571428571428571,0.6857142857142857,0.7619047619047619,0.9787499999999999,1.0
GABA-38-Sst-Tmtc4,supertype,0230 Sst Gaba_17,3,0.05357142857142857,0.07142857142857142,0.06122448979591836,0.9033333333333333,0.91
GABA-38-Sst-Tmtc4,supertype,0231 Sst Gaba_18,3,0.05357142857142857,0.6,0.0983606557377049,0.9566666666666667,0.94
GABA-38-Sst-Tmtc4,supertype,0242 Sst Chodl Gaba_5,1,0.017857142857142856,0.5,0.03448275862068965,1.0,1.0
GABA-38-Sst-Tmtc4,supertype,0362 MEA-BST Lhx6 Nfib Gaba_6,1,0.017857142857142856,0.04,0.024691358024691357,1.0,1.0
GABA-39-Sst-Nek7,supertype,0206 Pvalb Gaba_2,1,0.047619047619047616,0.030303030303030304,0.037037037037037035,1.0,1.0
GABA-39-Sst-Nek7,supertype,0230 Sst Gaba_17,13,0.6190476190476191,0.30952380952380953,0.41269841269841273,1.0,1.0
GABA-39-Sst-Nek7,supertype,0235 STR Prox1 Lhx6 Gaba_3,7,0.3333333333333333,0.5833333333333334,0.4242424242424242,1.0,1.0
GABA-4-Foxp2_Htr1f,supertype,0288 STR-PAL Chst9 Gaba_4,1,0.06666666666666667,0.01,0.017391304347826087,0.85,0.85
GABA-4-Foxp2_Htr1f,supertype,0289 STR-PAL Chst9 Gaba_5,14,0.9333333333333333,0.30434782608695654,0.45901639344262296,0.97,0.985
GABA-40-Rpb4-Sst,supertype,0062 LA-BLA-BMA-PA Glut_3,1,0.030303030303030304,0.003389830508474576,0.0060975609756097554,0.95,0.95
GABA-40-Rpb4-Sst,supertype,0206 Pvalb Gaba_2,1,0.030303030303030304,0.030303030303030304,0.030303030303030304,0.92,0.92
GABA-40-Rpb4-Sst,supertype,0208 Pvalb Gaba_4,10,0.30303030303030304,1.0,0.4651162790697675,0.9730000000000001,1.0
GABA-40-Rpb4-Sst,supertype,0209 Pvalb Gaba_5,10,0.30303030303030304,0.7142857142857143,0.42553191489361697,0.975,1.0
GABA-40-Rpb4-Sst,supertype,0211 Pvalb Gaba_7,1,0.030303030303030304,1.0,0.05882352941176471,1.0,1.0
GABA-40-Rpb4-Sst,supertype,0216 Sst Gaba_3,1,0.030303030303030304,1.0,0.05882352941176471,1.0,1.0
GABA-40-Rpb4-Sst,supertype,0219 Sst Gaba_6,1,0.030303030303030304,1.0,0.05882352941176471,1.0,1.0
GABA-40-Rpb4-Sst,supertype,0225 Sst Gaba_12,1,0.030303030303030304,1.0,0.05882352941176471,1.0,1.0
GABA-40-Rpb4-Sst,supertype,0226 Sst Gaba_13,1,0.030303030303030304,0.5,0.05714285714285715,1.0,1.0
GABA-40-Rpb4-Sst,supertype,0227 Sst Gaba_14,3,0.09090909090909091,1.0,0.16666666666666669,1.0,1.0
GABA-40-Rpb4-Sst,supertype,0230 Sst Gaba_17,2,0.06060606060606061,0.047619047619047616,0.05333333333333334,0.9550000000000001,0.9550000000000001
GABA-40-Rpb4-Sst,supertype,0231 Sst Gaba_18,1,0.030303030303030304,0.2,0.052631578947368425,0.9,0.9
GABA-41-Moxd1-Pvalb,supertype,0206 Pvalb Gaba_2,31,0.5254237288135594,0.9393939393939394,0.673913043478261,0.9851612903225806,1.0
GABA-41-Moxd1-Pvalb,supertype,0207 Pvalb Gaba_3,1,0.01694915254237288,1.0,0.03333333333333333,0.9,0.9
GABA-41-Moxd1-Pvalb,supertype,0209 Pvalb Gaba_5,4,0.06779661016949153,0.2857142857142857,0.1095890410958904,0.905,0.89
GABA-41-Moxd1-Pvalb,supertype,0230 Sst Gaba_17,23,0.3898305084745763,0.5476190476190477,0.45544554455445546,0.9743478260869566,1.0
GABA-42-Moxd1-Vwc2,supertype,0230 Sst Gaba_17,1,0.03225806451612903,0.023809523809523808,0.0273972602739726,1.0,1.0
GABA-42-Moxd1-Vwc2,supertype,0233 STR Prox1 Lhx6 Gaba_1,25,0.8064516129032258,0.8620689655172413,0.8333333333333334,0.9992,1.0
GABA-42-Moxd1-Vwc2,supertype,0235 STR Prox1 Lhx6 Gaba_3,5,0.16129032258064516,0.4166666666666667,0.2325581395348837,0.984,1.0
GABA-43-Crabp1-Etv1,supertype,0233 STR Prox1 Lhx6 Gaba_1,1,0.022727272727272728,0.034482758620689655,0.0273972602739726,0.97,0.97
GABA-43-Crabp1-Etv1,supertype,0234 STR Prox1 Lhx6 Gaba_2,37,0.8409090909090909,1.0,0.9135802469135803,0.9954054054054053,1.0
GABA-43-Crabp1-Etv1,supertype,0237 STR Lhx8 Gaba_2,5,0.11363636363636363,1.0,0.20408163265306123,1.0,1.0
GABA-43-Crabp1-Etv1,supertype,0397 SI-MPO-LPO Lhx8 Gaba_2,1,0.022727272727272728,1.0,0.044444444444444446,0.99,0.99
GABA-44-Pthlh-Pvalb,supertype,0181 Vip Gaba_9,1,0.01098901098901099,0.16666666666666666,0.02061855670103093,1.0,1.0
GABA-44-Pthlh-Pvalb,supertype,0199 Lamp5 Gaba_1,1,0.01098901098901099,0.0058823529411764705,0.007662835249042144,1.0,1.0
GABA-44-Pthlh-Pvalb,supertype,0204 Pvalb chandelier Gaba_1,88,0.967032967032967,1.0,0.9832402234636871,1.0,1.0
GABA-44-Pthlh-Pvalb,supertype,0338 MEA-BST Sox6 Gaba_2,1,0.01098901098901099,0.015625,0.012903225806451613,0.82,0.82
GABA-45-Lamp5-Hctr2,supertype,0203 Lamp5 Lhx6 Gaba_1,23,0.8846153846153846,1.0,0.9387755102040816,1.0,1.0
GABA-45-Lamp5-Hctr2,supertype,0348 MEA-BST Lhx6 Sp9 Gaba_2,1,0.038461538461538464,1.0,0.07407407407407407,0.81,0.81
GABA-45-Lamp5-Hctr2,supertype,0368 CEA-BST Six3 Cyp26b1 Gaba_2,1,0.038461538461538464,0.004672897196261682,0.008333333333333333,1.0,1.0
GABA-45-Lamp5-Hctr2,supertype,0541 MEA-BST Otp Zic2 Glut_3,1,0.038461538461538464,0.16666666666666666,0.0625,1.0,1.0
GABA-46-Lamp5-Kit,supertype,0005 IT EP-CLA Glut_3,1,0.005847953216374269,0.125,0.011173184357541898,1.0,1.0
GABA-46-Lamp5-Kit,supertype,0055 MEA Slc17a7 Glut_1,1,0.005847953216374269,0.002551020408163265,0.0035523978685612786,1.0,1.0
GABA-46-Lamp5-Kit,supertype,0199 Lamp5 Gaba_1,167,0.9766081871345029,0.9823529411764705,0.9794721407624634,0.9977245508982037,1.0
GABA-46-Lamp5-Kit,supertype,0338 MEA-BST Sox6 Gaba_2,2,0.011695906432748537,0.03125,0.01702127659574468,0.97,0.97
GABA-47-Reln-Ndnf,supertype,0182 Vip Gaba_10,1,0.015151515151515152,0.058823529411764705,0.024096385542168676,1.0,1.0
GABA-47-Reln-Ndnf,supertype,0194 RHP-COA Ndnf Gaba_2,45,0.6818181818181818,0.8490566037735849,0.7563025210084033,0.9804444444444443,1.0
GABA-47-Reln-Ndnf,supertype,0195 RHP-COA Ndnf Gaba_3,17,0.25757575757575757,0.9444444444444444,0.4047619047619047,0.98,1.0
GABA-47-Reln-Ndnf,supertype,0199 Lamp5 Gaba_1,1,0.015151515151515152,0.0058823529411764705,0.00847457627118644,1.0,1.0
GABA-47-Reln-Ndnf,supertype,0286 STR-PAL Chst9 Gaba_2,1,0.015151515151515152,0.011363636363636364,0.012987012987012988,0.97,0.97
GABA-47-Reln-Ndnf,supertype,0340 MEA-BST Sox6 Gaba_4,1,0.015151515151515152,0.058823529411764705,0.024096385542168676,1.0,1.0
GABA-48-Reln-Crim1,supertype,0194 RHP-COA Ndnf Gaba_2,1,0.011235955056179775,0.018867924528301886,0.014084507042253521,1.0,1.0
GABA-48-Reln-Crim1,supertype,0195 RHP-COA Ndnf Gaba_3,1,0.011235955056179775,0.05555555555555555,0.018691588785046728,0.87,0.87
GABA-48-Reln-Crim1,supertype,0202 Lamp5 Gaba_4,10,0.11235955056179775,1.0,0.20202020202020202,0.9970000000000001,1.0
GABA-48-Reln-Crim1,supertype,0294 IA Mgp Gaba_5,2,0.02247191011235955,0.5,0.04301075268817204,1.0,1.0
GABA-48-Reln-Crim1,supertype,0337 MEA-BST Sox6 Gaba_1,11,0.12359550561797752,0.7333333333333333,0.21153846153846156,0.97,0.99
GABA-48-Reln-Crim1,supertype,0338 MEA-BST Sox6 Gaba_2,60,0.6741573033707865,0.9375,0.7843137254901961,0.996,1.0
GABA-48-Reln-Crim1,supertype,0344 MEA-BST Sox6 Gaba_8,3,0.033707865168539325,0.75,0.06451612903225806,0.9533333333333333,0.98
GABA-48-Reln-Crim1,supertype,0371 CEA-BST Six3 Cyp26b1 Gaba_5,1,0.011235955056179775,0.022222222222222223,0.014925373134328356,0.97,0.97
GABA-49-Npnt-Calca,supertype,0293 IA Mgp Gaba_4,1,0.025,1.0,0.04878048780487806,1.0,1.0
GABA-49-Npnt-Calca,supertype,0294 IA Mgp Gaba_5,1,0.025,0.25,0.045454545454545456,1.0,1.0
GABA-49-Npnt-Calca,supertype,0337 MEA-BST Sox6 Gaba_1,3,0.075,0.2,0.10909090909090907,0.9866666666666667,1.0
GABA-49-Npnt-Calca,supertype,0342 MEA-BST Sox6 Gaba_6,1,0.025,1.0,0.04878048780487806,1.0,1.0
GABA-49-Npnt-Calca,supertype,0344 MEA-BST Sox6 Gaba_8,1,0.025,0.25,0.045454545454545456,1.0,1.0
GABA-49-Npnt-Calca,supertype,0345 MEA-BST Sox6 Gaba_9,26,0.65,1.0,0.787878787878788,0.9946153846153846,1.0
GABA-49-Npnt-Calca,supertype,0346 MEA-BST Sox6 Gaba_10,7,0.175,1.0,0.2978723404255319,1.0,1.0
GABA-5-Pax6-Enpp2,supertype,0289 STR-PAL Chst9 Gaba_5,12,0.5454545454545454,0.2608695652173913,0.3529411764705882,0.9991666666666666,1.0
GABA-5-Pax6-Enpp2,supertype,0373 CEA-AAA-BST Six3 Sp9 Gaba_1,1,0.045454545454545456,0.030303030303030304,0.03636363636363636,0.89,0.89
GABA-5-Pax6-Enpp2,supertype,0374 CEA-AAA-BST Six3 Sp9 Gaba_2,7,0.3181818181818182,0.1320754716981132,0.18666666666666665,0.9228571428571428,0.92
GABA-5-Pax6-Enpp2,supertype,0377 CEA-AAA-BST Six3 Sp9 Gaba_5,1,0.045454545454545456,1.0,0.08695652173913045,0.92,0.92
GABA-5-Pax6-Enpp2,supertype,0380 CEA-AAA-BST Six3 Sp9 Gaba_8,1,0.045454545454545456,1.0,0.08695652173913045,0.99,0.99
GABA-50-Chat-Vip,supertype,0177 Vip Gaba_5,3,0.375,0.3,0.33333333333333326,1.0,1.0
GABA-50-Chat-Vip,supertype,0259 PAL-STR Gaba-Chol_1,2,0.25,1.0,0.4,1.0,1.0
GABA-50-Chat-Vip,supertype,0260 PAL-STR Gaba-Chol_2,3,0.375,1.0,0.5454545454545454,0.9933333333333333,1.0
GABA-51-Vip-Crh,supertype,0062 LA-BLA-BMA-PA Glut_3,1,0.01818181818181818,0.003389830508474576,0.005714285714285714,0.96,0.96
GABA-51-Vip-Crh,supertype,0174 Vip Gaba_2,22,0.4,1.0,0.5714285714285715,0.9590909090909091,0.985
GABA-51-Vip-Crh,supertype,0175 Vip Gaba_3,16,0.2909090909090909,0.9411764705882353,0.44444444444444453,0.969375,0.99
GABA-51-Vip-Crh,supertype,0176 Vip Gaba_4,3,0.05454545454545454,1.0,0.10344827586206896,1.0,1.0
GABA-51-Vip-Crh,supertype,0177 Vip Gaba_5,7,0.12727272727272726,0.7,0.2153846153846154,0.9471428571428572,0.97
GABA-51-Vip-Crh,supertype,0178 Vip Gaba_6,1,0.01818181818181818,1.0,0.03571428571428572,1.0,1.0
GABA-51-Vip-Crh,supertype,0179 Vip Gaba_7,1,0.01818181818181818,1.0,0.03571428571428572,1.0,1.0
GABA-51-Vip-Crh,supertype,0180 Vip Gaba_8,1,0.01818181818181818,0.5,0.03508771929824561,0.89,0.89
GABA-51-Vip-Crh,supertype,0362 MEA-BST Lhx6 Nfib Gaba_6,1,0.01818181818181818,0.04,0.024999999999999998,0.92,0.92
GABA-51-Vip-Crh,supertype,0376 CEA-AAA-BST Six3 Sp9 Gaba_4,1,0.01818181818181818,0.022222222222222223,0.02,1.0,1.0
GABA-51-Vip-Crh,supertype,0507 MEA-COA-BMA Ccdc42 Glut_3,1,0.01818181818181818,0.007462686567164179,0.010582010582010581,0.88,0.88
GABA-52-Calb2-Rgs12,supertype,0173 Vip Gaba_1,1,0.2,0.041666666666666664,0.06896551724137931,0.95,0.95
GABA-52-Calb2-Rgs12,supertype,0181 Vip Gaba_9,1,0.2,0.16666666666666666,0.1818181818181818,0.9,0.9
GABA-52-Calb2-Rgs12,supertype,0200 Lamp5 Gaba_2,3,0.6,1.0,0.7499999999999999,0.9566666666666667,0.99
GABA-53-Htr3a-Kcnc2,supertype,0173 Vip Gaba_1,23,0.4791666666666667,0.9583333333333334,0.638888888888889,0.9939130434782608,1.0
GABA-53-Htr3a-Kcnc2,supertype,0181 Vip Gaba_9,4,0.08333333333333333,0.6666666666666666,0.14814814814814814,0.9524999999999999,0.995
GABA-53-Htr3a-Kcnc2,supertype,0182 Vip Gaba_10,15,0.3125,0.8823529411764706,0.46153846153846156,0.9673333333333333,1.0
GABA-53-Htr3a-Kcnc2,supertype,0194 RHP-COA Ndnf Gaba_2,6,0.125,0.11320754716981132,0.1188118811881188,1.0,1.0
GABA-54-Scng-Kcnc2,supertype,0182 Vip Gaba_10,1,0.018867924528301886,0.058823529411764705,0.028571428571428574,1.0,1.0
GABA-54-Scng-Kcnc2,supertype,0185 Sncg Gaba_1,12,0.22641509433962265,0.2926829268292683,0.2553191489361702,0.9891666666666666,1.0
GABA-54-Scng-Kcnc2,supertype,0187 Sncg Gaba_3,29,0.5471698113207547,0.7631578947368421,0.6373626373626373,0.9803448275862069,1.0
GABA-54-Scng-Kcnc2,supertype,0192 Sncg Gaba_8,3,0.05660377358490566,1.0,0.10714285714285715,1.0,1.0
GABA-54-Scng-Kcnc2,supertype,0193 RHP-COA Ndnf Gaba_1,6,0.11320754716981132,1.0,0.2033898305084746,0.9966666666666667,1.0
GABA-54-Scng-Kcnc2,supertype,0201 Lamp5 Gaba_3,1,0.018867924528301886,1.0,0.037037037037037035,0.81,0.81
GABA-54-Scng-Kcnc2,supertype,0386 CEA-BST Ebf1 Pdyn Gaba_3,1,0.018867924528301886,0.00847457627118644,0.011695906432748536,1.0,1.0
GABA-55-Sncg-Vip,supertype,0175 Vip Gaba_3,1,0.05263157894736842,0.058823529411764705,0.05555555555555555,0.95,0.95
GABA-55-Sncg-Vip,supertype,0180 Vip Gaba_8,1,0.05263157894736842,0.5,0.09523809523809525,1.0,1.0
GABA-55-Sncg-Vip,supertype,0185 Sncg Gaba_1,2,0.10526315789473684,0.04878048780487805,0.06666666666666667,0.975,0.975
GABA-55-Sncg-Vip,supertype,0186 Sncg Gaba_2,1,0.05263157894736842,1.0,0.1,1.0,1.0
GABA-55-Sncg-Vip,supertype,0187 Sncg Gaba_3,9,0.47368421052631576,0.23684210526315788,0.3157894736842105,0.9666666666666666,0.98
GABA-55-Sncg-Vip,supertype,0189 Sncg Gaba_5,2,0.10526315789473684,0.4,0.16666666666666666,1.0,1.0
GABA-55-Sncg-Vip,supertype,0190 Sncg Gaba_6,3,0.15789473684210525,1.0,0.2727272727272727,0.8966666666666666,0.86
GABA-56-Sncg-Krt73,supertype,0057 MEA Slc17a7 Glut_3,1,0.017857142857142856,0.004032258064516129,0.006578947368421053,0.97,0.97
GABA-56-Sncg-Krt73,supertype,0058 COAp Grxcr2 Glut_1,1,0.017857142857142856,0.027777777777777776,0.021739130434782608,1.0,1.0
GABA-56-Sncg-Krt73,supertype,0185 Sncg Gaba_1,27,0.48214285714285715,0.6585365853658537,0.5567010309278351,0.9785185185185186,1.0
GABA-56-Sncg-Krt73,supertype,0188 Sncg Gaba_4,19,0.3392857142857143,1.0,0.5066666666666666,0.9731578947368422,1.0
GABA-56-Sncg-Krt73,supertype,0189 Sncg Gaba_5,3,0.05357142857142857,0.6,0.0983606557377049,0.9433333333333334,1.0
GABA-56-Sncg-Krt73,supertype,0197 RHP-COA Ndnf Gaba_5,4,0.07142857142857142,1.0,0.13333333333333333,0.9875,0.99
GABA-56-Sncg-Krt73,supertype,0215 Sst Gaba_2,1,0.017857142857142856,0.014285714285714285,0.015873015873015872,0.95,0.95
GABA-6-Pax6-Th,supertype,0276 STR D2 Gaba_3,1,0.00909090909090909,0.2,0.017391304347826087,1.0,1.0
GABA-6-Pax6-Th,supertype,0295 NDB-SI-ant Prdm12 Gaba_1,11,0.1,1.0,0.18181818181818182,0.9990909090909091,1.0
GABA-6-Pax6-Th,supertype,0297 NDB-SI-ant Prdm12 Gaba_3,1,0.00909090909090909,1.0,0.018018018018018018,1.0,1.0
GABA-6-Pax6-Th,supertype,0367 CEA-BST Six3 Cyp26b1 Gaba_1,2,0.01818181818181818,0.6666666666666666,0.035398230088495575,1.0,1.0
GABA-6-Pax6-Th,supertype,0373 CEA-AAA-BST Six3 Sp9 Gaba_1,1,0.00909090909090909,0.030303030303030304,0.013986013986013983,0.95,0.95
GABA-6-Pax6-Th,supertype,0374 CEA-AAA-BST Six3 Sp9 Gaba_2,45,0.4090909090909091,0.8490566037735849,0.5521472392638037,0.9760000000000001,1.0
GABA-6-Pax6-Th,supertype,0376 CEA-AAA-BST Six3 Sp9 Gaba_4,42,0.38181818181818183,0.9333333333333333,0.5419354838709678,0.9935714285714285,1.0
GABA-6-Pax6-Th,supertype,0378 CEA-AAA-BST Six3 Sp9 Gaba_6,6,0.05454545454545454,1.0,0.10344827586206896,1.0,1.0
GABA-6-Pax6-Th,supertype,0390 CEA-BST Ebf1 Pdyn Gaba_7,1,0.00909090909090909,0.3333333333333333,0.017699115044247787,1.0,1.0
GABA-7-Pax6-Cyp26a1,supertype,0280 STR D2 Gaba_7,1,0.04,0.09090909090909091,0.05555555555555555,1.0,1.0
GABA-7-Pax6-Cyp26a1,supertype,0367 CEA-BST Six3 Cyp26b1 Gaba_1,1,0.04,0.3333333333333333,0.07142857142857142,1.0,1.0
GABA-7-Pax6-Cyp26a1,supertype,0369 CEA-BST Six3 Cyp26b1 Gaba_3,20,0.8,0.8695652173913043,0.8333333333333333,0.9715,0.995
GABA-7-Pax6-Cyp26a1,supertype,0372 CEA-BST Six3 Cyp26b1 Gaba_6,3,0.12,1.0,0.21428571428571425,0.9666666666666667,0.98
GABA-8-Prkcd-Oprk1,supertype,0280 STR D2 Gaba_7,1,0.01098901098901099,0.09090909090909091,0.0196078431372549,1.0,1.0
GABA-8-Prkcd-Oprk1,supertype,0339 MEA-BST Sox6 Gaba_3,1,0.01098901098901099,1.0,0.02173913043478261,1.0,1.0
GABA-8-Prkcd-Oprk1,supertype,0368 CEA-BST Six3 Cyp26b1 Gaba_2,26,0.2857142857142857,0.12149532710280374,0.17049180327868851,0.9457692307692308,0.97
GABA-8-Prkcd-Oprk1,supertype,0370 CEA-BST Six3 Cyp26b1 Gaba_4,61,0.6703296703296703,1.0,0.8026315789473685,0.9942622950819672,1.0
GABA-8-Prkcd-Oprk1,supertype,0375 CEA-AAA-BST Six3 Sp9 Gaba_3,2,0.02197802197802198,0.6666666666666666,0.0425531914893617,1.0,1.0
GABA-9-Prkcd-Ezr,supertype,0368 CEA-BST Six3 Cyp26b1 Gaba_2,180,1.0,0.8411214953271028,0.9137055837563453,0.9990555555555556,1.0
VGLUT1-1-Zic4_Trp73,supertype,0007 L5/6 IT TPE-ENT Glut_1,1,0.1,0.02857142857142857,0.04444444444444444,0.99,0.99
VGLUT1-1-Zic4_Trp73,supertype,0039 L2/3 IT PIR-ENTl Glut_1,1,0.1,0.01282051282051282,0.022727272727272728,1.0,1.0
VGLUT1-1-Zic4_Trp73,supertype,0055 MEA Slc17a7 Glut_1,1,0.1,0.002551020408163265,0.004975124378109452,1.0,1.0
VGLUT1-1-Zic4_Trp73,supertype,0059 COAp Grxcr2 Glut_2,1,0.1,0.0019193857965451055,0.0037664783427495295,1.0,1.0
VGLUT1-1-Zic4_Trp73,supertype,0061 LA-BLA-BMA-PA Glut_2,2,0.2,0.007874015748031496,0.015151515151515152,0.985,0.985
VGLUT1-1-Zic4_Trp73,supertype,0064 LA-BLA-BMA-PA Glut_5,2,0.2,0.005479452054794521,0.010666666666666666,0.94,0.94
VGLUT1-1-Zic4_Trp73,supertype,0065 LA-BLA-BMA-PA Glut_6,1,0.1,0.0136986301369863,0.024096385542168672,1.0,1.0
VGLUT1-1-Zic4_Trp73,supertype,0102 NLOT Rho Glut_1,1,0.1,0.006134969325153374,0.011560693641618497,1.0,1.0
VGLUT1-10-Ermn_Mpped1,supertype,0003 IT EP-CLA Glut_1,1,0.012345679012345678,0.16666666666666666,0.022988505747126436,1.0,1.0
VGLUT1-10-Ermn_Mpped1,supertype,0004 IT EP-CLA Glut_2,1,0.012345679012345678,0.5,0.024096385542168672,1.0,1.0
VGLUT1-10-Ermn_Mpped1,supertype,0061 LA-BLA-BMA-PA Glut_2,79,0.9753086419753086,0.3110236220472441,0.4716417910447761,0.999746835443038,1.0
VGLUT1-11-Cd36_Calb2,supertype,0044 L2/3 IT PIR-ENTl Glut_6,5,0.03731343283582089,0.17857142857142858,0.06172839506172839,0.9960000000000001,1.0
VGLUT1-11-Cd36_Calb2,supertype,0060 LA-BLA-BMA-PA Glut_1,1,0.007462686567164179,0.0045871559633027525,0.005681818181818182,1.0,1.0
VGLUT1-11-Cd36_Calb2,supertype,0061 LA-BLA-BMA-PA Glut_2,128,0.9552238805970149,0.5039370078740157,0.6597938144329897,0.9846875,1.0
VGLUT1-12-Gpr101_Grem1,supertype,0055 MEA Slc17a7 Glut_1,13,0.125,0.03316326530612245,0.05241935483870968,1.0,1.0
VGLUT1-12-Gpr101_Grem1,supertype,0060 LA-BLA-BMA-PA Glut_1,90,0.8653846153846154,0.41284403669724773,0.5590062111801243,0.9992222222222223,1.0
VGLUT1-12-Gpr101_Grem1,supertype,0066 ENTmv-PA-COAp Glut_1,1,0.009615384615384616,0.16666666666666666,0.018181818181818184,1.0,1.0
VGLUT1-13-Dcn_C1ql2,supertype,0059 COAp Grxcr2 Glut_2,2,0.020618556701030927,0.003838771593090211,0.006472491909385114,0.905,0.905
VGLUT1-13-Dcn_C1ql2,supertype,0060 LA-BLA-BMA-PA Glut_1,89,0.9175257731958762,0.40825688073394495,0.5650793650793651,0.9829213483146068,1.0
VGLUT1-13-Dcn_C1ql2,supertype,0061 LA-BLA-BMA-PA Glut_2,1,0.010309278350515464,0.003937007874015748,0.005698005698005698,0.99,0.99
VGLUT1-13-Dcn_C1ql2,supertype,0063 LA-BLA-BMA-PA Glut_4,2,0.020618556701030927,0.012048192771084338,0.015209125475285173,0.88,0.88
VGLUT1-13-Dcn_C1ql2,supertype,0066 ENTmv-PA-COAp Glut_1,2,0.020618556701030927,0.3333333333333333,0.03883495145631068,1.0,1.0
VGLUT1-13-Dcn_C1ql2,supertype,0067 ENTmv-PA-COAp Glut_2,1,0.010309278350515464,1.0,0.020408163265306124,0.84,0.84
VGLUT1-14-Cartpt_Fam46a,supertype,0044 L2/3 IT PIR-ENTl Glut_6,1,0.1,0.03571428571428571,0.05263157894736841,1.0,1.0
VGLUT1-14-Cartpt_Fam46a,supertype,0059 COAp Grxcr2 Glut_2,1,0.1,0.0019193857965451055,0.0037664783427495295,1.0,1.0
VGLUT1-14-Cartpt_Fam46a,supertype,0061 LA-BLA-BMA-PA Glut_2,4,0.4,0.015748031496062992,0.030303030303030304,0.995,1.0
VGLUT1-14-Cartpt_Fam46a,supertype,0063 LA-BLA-BMA-PA Glut_4,2,0.2,0.012048192771084338,0.022727272727272728,1.0,1.0
VGLUT1-14-Cartpt_Fam46a,supertype,0064 LA-BLA-BMA-PA Glut_5,2,0.2,0.005479452054794521,0.010666666666666666,1.0,1.0
VGLUT1-15-Fmo1_Rxfp3,supertype,0058 COAp Grxcr2 Glut_1,1,0.011111111111111112,0.027777777777777776,0.015873015873015872,1.0,1.0
VGLUT1-15-Fmo1_Rxfp3,supertype,0060 LA-BLA-BMA-PA Glut_1,15,0.16666666666666666,0.06880733944954129,0.09740259740259741,0.9646666666666667,0.98
VGLUT1-15-Fmo1_Rxfp3,supertype,0063 LA-BLA-BMA-PA Glut_4,74,0.8222222222222222,0.4457831325301205,0.578125,0.9871621621621621,1.0
VGLUT1-16-Fbln1_Il33,supertype,0044 L2/3 IT PIR-ENTl Glut_6,2,0.08333333333333333,0.07142857142857142,0.07692307692307691,0.95,0.95
VGLUT1-16-Fbln1_Il33,supertype,0056 MEA Slc17a7 Glut_2,1,0.041666666666666664,0.005376344086021506,0.009523809523809525,0.98,0.98
VGLUT1-16-Fbln1_Il33,supertype,0060 LA-BLA-BMA-PA Glut_1,1,0.041666666666666664,0.0045871559633027525,0.008264462809917356,0.99,0.99
VGLUT1-16-Fbln1_Il33,supertype,0061 LA-BLA-BMA-PA Glut_2,1,0.041666666666666664,0.003937007874015748,0.007194244604316547,1.0,1.0
VGLUT1-16-Fbln1_Il33,supertype,0062 LA-BLA-BMA-PA Glut_3,1,0.041666666666666664,0.003389830508474576,0.006269592476489027,1.0,1.0
VGLUT1-16-Fbln1_Il33,supertype,0063 LA-BLA-BMA-PA Glut_4,1,0.041666666666666664,0.006024096385542169,0.010526315789473684,0.94,0.94
VGLUT1-16-Fbln1_Il33,supertype,0064 LA-BLA-BMA-PA Glut_5,1,0.041666666666666664,0.0027397260273972603,0.005141388174807198,1.0,1.0
VGLUT1-16-Fbln1_Il33,supertype,0066 ENTmv-PA-COAp Glut_1,1,0.041666666666666664,0.16666666666666666,0.06666666666666667,1.0,1.0
VGLUT1-16-Fbln1_Il33,supertype,0076 CA3 Glut_2,1,0.041666666666666664,0.043478260869565216,0.0425531914893617,1.0,1.0
VGLUT1-16-Fbln1_Il33,supertype,0136 DG Glut_1,14,0.5833333333333334,1.0,0.7368421052631579,1.0,1.0
VGLUT1-17-Eps8_Cd44,supertype,0063 LA-BLA-BMA-PA Glut_4,2,0.07692307692307693,0.012048192771084338,0.020833333333333336,0.99,0.99
VGLUT1-17-Eps8_Cd44,supertype,0066 ENTmv-PA-COAp Glut_1,2,0.07692307692307693,0.3333333333333333,0.125,1.0,1.0
VGLUT1-17-Eps8_Cd44,supertype,0076 CA3 Glut_2,22,0.8461538461538461,0.9565217391304348,0.8979591836734695,0.9990909090909091,1.0
VGLUT1-18-Fibcd1_Vit,supertype,0055 MEA Slc17a7 Glut_1,21,0.875,0.05357142857142857,0.10096153846153846,1.0,1.0
VGLUT1-18-Fibcd1_Vit,supertype,0059 COAp Grxcr2 Glut_2,1,0.041666666666666664,0.0019193857965451055,0.003669724770642202,1.0,1.0
VGLUT1-18-Fibcd1_Vit,supertype,0064 LA-BLA-BMA-PA Glut_5,2,0.08333333333333333,0.005479452054794521,0.010282776349614395,0.9650000000000001,0.9650000000000001
VGLUT1-19-Car12_Celsr1,supertype,0055 MEA Slc17a7 Glut_1,280,0.9523809523809523,0.7142857142857143,0.8163265306122449,0.9996071428571428,1.0
VGLUT1-19-Car12_Celsr1,supertype,0060 LA-BLA-BMA-PA Glut_1,14,0.047619047619047616,0.06422018348623854,0.0546875,0.9964285714285713,1.0
VGLUT1-2-Rspo2_Sema3e,supertype,0063 LA-BLA-BMA-PA Glut_4,1,0.0029239766081871343,0.006024096385542169,0.003937007874015748,0.95,0.95
VGLUT1-2-Rspo2_Sema3e,supertype,0064 LA-BLA-BMA-PA Glut_5,316,0.9239766081871345,0.8657534246575342,0.8939179632248939,0.9899050632911393,1.0
VGLUT1-2-Rspo2_Sema3e,supertype,0065 LA-BLA-BMA-PA Glut_6,25,0.07309941520467836,0.3424657534246575,0.12048192771084336,0.95,0.98
VGLUT1-20-Trh_Mdga1,supertype,0055 MEA Slc17a7 Glut_1,9,0.6923076923076923,0.02295918367346939,0.044444444444444446,1.0,1.0
VGLUT1-20-Trh_Mdga1,supertype,0059 COAp Grxcr2 Glut_2,4,0.3076923076923077,0.007677543186180422,0.0149812734082397,1.0,1.0
VGLUT1-21-Trh_Rxfp1,supertype,0055 MEA Slc17a7 Glut_1,1,0.0043859649122807015,0.002551020408163265,0.0032258064516129032,1.0,1.0
VGLUT1-21-Trh_Rxfp1,supertype,0058 COAp Grxcr2 Glut_1,2,0.008771929824561403,0.05555555555555555,0.015151515151515152,0.915,0.915
VGLUT1-21-Trh_Rxfp1,supertype,0059 COAp Grxcr2 Glut_2,225,0.9868421052631579,0.43186180422264875,0.6008010680907878,0.9995999999999999,1.0
VGLUT1-22-Trh_Medag,supertype,0056 MEA Slc17a7 Glut_2,1,0.004081632653061225,0.005376344086021506,0.0046403712296983765,0.92,0.92
VGLUT1-22-Trh_Medag,supertype,0057 MEA Slc17a7 Glut_3,1,0.004081632653061225,0.004032258064516129,0.004056795131845842,1.0,1.0
VGLUT1-22-Trh_Medag,supertype,0058 COAp Grxcr2 Glut_1,1,0.004081632653061225,0.027777777777777776,0.007117437722419929,0.99,0.99
VGLUT1-22-Trh_Medag,supertype,0059 COAp Grxcr2 Glut_2,241,0.9836734693877551,0.46257197696737046,0.6292428198433421,0.9967634854771784,1.0
VGLUT1-22-Trh_Medag,supertype,0064 LA-BLA-BMA-PA Glut_5,1,0.004081632653061225,0.0027397260273972603,0.0032786885245901644,1.0,1.0
VGLUT1-23-Trh_Kit,supertype,0055 MEA Slc17a7 Glut_1,32,0.2077922077922078,0.08163265306122448,0.11721611721611722,0.94625,0.98
VGLUT1-23-Trh_Kit,supertype,0057 MEA Slc17a7 Glut_3,97,0.6298701298701299,0.3911290322580645,0.48258706467661694,0.9831958762886598,1.0
VGLUT1-23-Trh_Kit,supertype,0059 COAp Grxcr2 Glut_2,25,0.16233766233766234,0.04798464491362764,0.07407407407407407,1.0,1.0
VGLUT1-24-Trh_Slc23a3,supertype,0057 MEA Slc17a7 Glut_3,1,0.09090909090909091,0.004032258064516129,0.007722007722007722,1.0,1.0
VGLUT1-24-Trh_Slc23a3,supertype,0059 COAp Grxcr2 Glut_2,10,0.9090909090909091,0.019193857965451054,0.037593984962406006,1.0,1.0
VGLUT1-25-Plcxd3_Reln,supertype,0038 L2/3 IT ENT Glut_6,1,0.004807692307692308,1.0,0.009569377990430623,1.0,1.0
VGLUT1-25-Plcxd3_Reln,supertype,0039 L2/3 IT PIR-ENTl Glut_1,2,0.009615384615384616,0.02564102564102564,0.013986013986013986,0.9450000000000001,0.9450000000000001
VGLUT1-25-Plcxd3_Reln,supertype,0042 L2/3 IT PIR-ENTl Glut_4,6,0.028846153846153848,0.375,0.05357142857142857,0.9816666666666666,0.995
VGLUT1-25-Plcxd3_Reln,supertype,0044 L2/3 IT PIR-ENTl Glut_6,5,0.02403846153846154,0.17857142857142858,0.04237288135593221,0.9640000000000001,0.95
VGLUT1-25-Plcxd3_Reln,supertype,0055 MEA Slc17a7 Glut_1,16,0.07692307692307693,0.04081632653061224,0.05333333333333333,0.9475,0.975
VGLUT1-25-Plcxd3_Reln,supertype,0056 MEA Slc17a7 Glut_2,27,0.12980769230769232,0.14516129032258066,0.1370558375634518,0.9874074074074074,1.0
VGLUT1-25-Plcxd3_Reln,supertype,0057 MEA Slc17a7 Glut_3,136,0.6538461538461539,0.5483870967741935,0.5964912280701755,0.995,1.0
VGLUT1-25-Plcxd3_Reln,supertype,0058 COAp Grxcr2 Glut_1,2,0.009615384615384616,0.05555555555555555,0.016393442622950824,0.975,0.975
VGLUT1-25-Plcxd3_Reln,supertype,0059 COAp Grxcr2 Glut_2,3,0.014423076923076924,0.005758157389635317,0.00823045267489712,0.9833333333333334,0.99
VGLUT1-25-Plcxd3_Reln,supertype,0060 LA-BLA-BMA-PA Glut_1,8,0.038461538461538464,0.03669724770642202,0.03755868544600939,0.9575,1.0
VGLUT1-25-Plcxd3_Reln,supertype,0062 LA-BLA-BMA-PA Glut_3,1,0.004807692307692308,0.003389830508474576,0.003976143141153081,1.0,1.0
VGLUT1-25-Plcxd3_Reln,supertype,0102 NLOT Rho Glut_1,1,0.004807692307692308,0.006134969325153374,0.005390835579514825,1.0,1.0
VGLUT1-26-Tac1_Igfbp5,supertype,0055 MEA Slc17a7 Glut_1,5,0.18518518518518517,0.012755102040816327,0.023866348448687354,0.962,0.97
VGLUT1-26-Tac1_Igfbp5,supertype,0056 MEA Slc17a7 Glut_2,14,0.5185185185185185,0.07526881720430108,0.13145539906103287,0.9978571428571429,1.0
VGLUT1-26-Tac1_Igfbp5,supertype,0057 MEA Slc17a7 Glut_3,4,0.14814814814814814,0.016129032258064516,0.029090909090909094,0.9325,0.95
VGLUT1-26-Tac1_Igfbp5,supertype,0059 COAp Grxcr2 Glut_2,1,0.037037037037037035,0.0019193857965451055,0.0036496350364963502,1.0,1.0
VGLUT1-26-Tac1_Igfbp5,supertype,0061 LA-BLA-BMA-PA Glut_2,1,0.037037037037037035,0.003937007874015748,0.0071174377224199285,0.98,0.98
VGLUT1-26-Tac1_Igfbp5,supertype,0062 LA-BLA-BMA-PA Glut_3,1,0.037037037037037035,0.003389830508474576,0.006211180124223602,1.0,1.0
VGLUT1-26-Tac1_Igfbp5,supertype,0064 LA-BLA-BMA-PA Glut_5,1,0.037037037037037035,0.0027397260273972603,0.00510204081632653,1.0,1.0
VGLUT1-27-Oasl2_Ifit1,supertype,0055 MEA Slc17a7 Glut_1,10,0.5,0.025510204081632654,0.048543689320388356,0.9810000000000001,1.0
VGLUT1-27-Oasl2_Ifit1,supertype,0056 MEA Slc17a7 Glut_2,1,0.05,0.005376344086021506,0.00970873786407767,1.0,1.0
VGLUT1-27-Oasl2_Ifit1,supertype,0057 MEA Slc17a7 Glut_3,1,0.05,0.004032258064516129,0.007462686567164179,1.0,1.0
VGLUT1-27-Oasl2_Ifit1,supertype,0059 COAp Grxcr2 Glut_2,2,0.1,0.003838771593090211,0.0073937153419593345,1.0,1.0
VGLUT1-27-Oasl2_Ifit1,supertype,0062 LA-BLA-BMA-PA Glut_3,4,0.2,0.013559322033898305,0.025396825396825397,1.0,1.0
VGLUT1-27-Oasl2_Ifit1,supertype,0063 LA-BLA-BMA-PA Glut_4,1,0.05,0.006024096385542169,0.010752688172043012,1.0,1.0
VGLUT1-27-Oasl2_Ifit1,supertype,0064 LA-BLA-BMA-PA Glut_5,1,0.05,0.0027397260273972603,0.005194805194805195,1.0,1.0
VGLUT1-28-Grp_Cpne8,supertype,0056 MEA Slc17a7 Glut_2,2,0.008130081300813009,0.010752688172043012,0.00925925925925926,0.99,0.99
VGLUT1-28-Grp_Cpne8,supertype,0058 COAp Grxcr2 Glut_1,1,0.0040650406504065045,0.027777777777777776,0.007092198581560284,0.94,0.94
VGLUT1-28-Grp_Cpne8,supertype,0062 LA-BLA-BMA-PA Glut_3,241,0.9796747967479674,0.8169491525423729,0.8909426987060998,0.9956431535269709,1.0
VGLUT1-28-Grp_Cpne8,supertype,0064 LA-BLA-BMA-PA Glut_5,1,0.0040650406504065045,0.0027397260273972603,0.003273322422258592,0.82,0.82
VGLUT1-28-Grp_Cpne8,supertype,0065 LA-BLA-BMA-PA Glut_6,1,0.0040650406504065045,0.0136986301369863,0.006269592476489029,0.94,0.94
VGLUT1-29-St8sia2_Cald1,supertype,0058 COAp Grxcr2 Glut_1,8,0.36363636363636365,0.2222222222222222,0.27586206896551724,0.9875,1.0
VGLUT1-29-St8sia2_Cald1,supertype,0062 LA-BLA-BMA-PA Glut_3,9,0.4090909090909091,0.030508474576271188,0.056782334384858045,0.9588888888888888,0.98
VGLUT1-29-St8sia2_Cald1,supertype,0065 LA-BLA-BMA-PA Glut_6,5,0.22727272727272727,0.0684931506849315,0.10526315789473684,0.942,0.97
VGLUT1-3-Sema5a_Dcn,supertype,0061 LA-BLA-BMA-PA Glut_2,21,0.3684210526315789,0.08267716535433071,0.13504823151125403,0.9852380952380952,1.0
VGLUT1-3-Sema5a_Dcn,supertype,0063 LA-BLA-BMA-PA Glut_4,1,0.017543859649122806,0.006024096385542169,0.008968609865470852,0.96,0.96
VGLUT1-3-Sema5a_Dcn,supertype,0065 LA-BLA-BMA-PA Glut_6,35,0.6140350877192983,0.4794520547945205,0.5384615384615384,0.9505714285714285,0.96
VGLUT1-30-Gsg1l_Prox1,supertype,0039 L2/3 IT PIR-ENTl Glut_1,12,0.7058823529411765,0.15384615384615385,0.25263157894736843,0.9991666666666666,1.0
VGLUT1-30-Gsg1l_Prox1,supertype,0044 L2/3 IT PIR-ENTl Glut_6,1,0.058823529411764705,0.03571428571428571,0.044444444444444446,1.0,1.0
VGLUT1-30-Gsg1l_Prox1,supertype,0058 COAp Grxcr2 Glut_1,4,0.23529411764705882,0.1111111111111111,0.1509433962264151,1.0,1.0
VGLUT1-31-Igfn1_Ndst4,supertype,0003 IT EP-CLA Glut_1,5,0.05154639175257732,0.8333333333333334,0.0970873786407767,0.986,1.0
VGLUT1-31-Igfn1_Ndst4,supertype,0039 L2/3 IT PIR-ENTl Glut_1,43,0.44329896907216493,0.5512820512820513,0.49142857142857144,0.9644186046511628,0.98
VGLUT1-31-Igfn1_Ndst4,supertype,0040 L2/3 IT PIR-ENTl Glut_2,4,0.041237113402061855,1.0,0.0792079207920792,0.94,0.95
VGLUT1-31-Igfn1_Ndst4,supertype,0041 L2/3 IT PIR-ENTl Glut_3,18,0.18556701030927836,0.8181818181818182,0.3025210084033614,0.9572222222222222,0.98
VGLUT1-31-Igfn1_Ndst4,supertype,0042 L2/3 IT PIR-ENTl Glut_4,5,0.05154639175257732,0.3125,0.08849557522123894,0.976,1.0
VGLUT1-31-Igfn1_Ndst4,supertype,0044 L2/3 IT PIR-ENTl Glut_6,9,0.09278350515463918,0.32142857142857145,0.144,0.9188888888888889,0.92
VGLUT1-31-Igfn1_Ndst4,supertype,0045 L2/3 IT PIR-ENTl Glut_7,1,0.010309278350515464,1.0,0.020408163265306124,1.0,1.0
VGLUT1-31-Igfn1_Ndst4,supertype,0057 MEA Slc17a7 Glut_3,6,0.061855670103092786,0.024193548387096774,0.034782608695652174,1.0,1.0
VGLUT1-31-Igfn1_Ndst4,supertype,0058 COAp Grxcr2 Glut_1,3,0.030927835051546393,0.08333333333333333,0.045112781954887216,0.9466666666666667,1.0
VGLUT1-31-Igfn1_Ndst4,supertype,0059 COAp Grxcr2 Glut_2,3,0.030927835051546393,0.005758157389635317,0.00970873786407767,0.9233333333333333,0.95
VGLUT1-32-Mid1_Cdh22,supertype,0044 L2/3 IT PIR-ENTl Glut_6,3,0.1875,0.10714285714285714,0.13636363636363635,0.96,0.98
VGLUT1-32-Mid1_Cdh22,supertype,0058 COAp Grxcr2 Glut_1,9,0.5625,0.25,0.34615384615384615,0.9988888888888889,1.0
VGLUT1-32-Mid1_Cdh22,supertype,0061 LA-BLA-BMA-PA Glut_2,2,0.125,0.007874015748031496,0.014814814814814815,0.97,0.97
VGLUT1-32-Mid1_Cdh22,supertype,0062 LA-BLA-BMA-PA Glut_3,2,0.125,0.006779661016949152,0.012861736334405145,0.9299999999999999,0.9299999999999999
VGLUT1-4-Wfs1_Sorcs3,supertype,0061 LA-BLA-BMA-PA Glut_2,12,0.5714285714285714,0.047244094488188976,0.08727272727272727,0.9783333333333334,0.995
VGLUT1-4-Wfs1_Sorcs3,supertype,0062 LA-BLA-BMA-PA Glut_3,1,0.047619047619047616,0.003389830508474576,0.006329113924050632,0.98,0.98
VGLUT1-4-Wfs1_Sorcs3,supertype,0064 LA-BLA-BMA-PA Glut_5,2,0.09523809523809523,0.005479452054794521,0.010362694300518135,0.99,0.99
VGLUT1-4-Wfs1_Sorcs3,supertype,0065 LA-BLA-BMA-PA Glut_6,6,0.2857142857142857,0.0821917808219178,0.1276595744680851,0.9083333333333333,0.905
VGLUT1-5-Cbln1_Coch,supertype,0032 L2/3 IT CTX Glut_4,2,0.15384615384615385,1.0,0.2666666666666667,1.0,1.0
VGLUT1-5-Cbln1_Coch,supertype,0039 L2/3 IT PIR-ENTl Glut_1,3,0.23076923076923078,0.038461538461538464,0.06593406593406592,0.9,0.88
VGLUT1-5-Cbln1_Coch,supertype,0041 L2/3 IT PIR-ENTl Glut_3,4,0.3076923076923077,0.18181818181818182,0.2285714285714286,0.965,0.985
VGLUT1-5-Cbln1_Coch,supertype,0044 L2/3 IT PIR-ENTl Glut_6,1,0.07692307692307693,0.03571428571428571,0.04878048780487805,0.97,0.97
VGLUT1-5-Cbln1_Coch,supertype,0061 LA-BLA-BMA-PA Glut_2,3,0.23076923076923078,0.011811023622047244,0.02247191011235955,0.9866666666666667,0.99
VGLUT1-6-Thrsp_Lamp5,supertype,0007 L5/6 IT TPE-ENT Glut_1,5,0.033112582781456956,0.14285714285714285,0.053763440860215055,0.994,1.0
VGLUT1-6-Thrsp_Lamp5,supertype,0039 L2/3 IT PIR-ENTl Glut_1,16,0.10596026490066225,0.20512820512820512,0.13973799126637557,0.978125,0.995
VGLUT1-6-Thrsp_Lamp5,supertype,0043 L2/3 IT PIR-ENTl Glut_5,6,0.039735099337748346,1.0,0.07643312101910829,0.9966666666666667,1.0
VGLUT1-6-Thrsp_Lamp5,supertype,0044 L2/3 IT PIR-ENTl Glut_6,1,0.006622516556291391,0.03571428571428571,0.0111731843575419,0.96,0.96
VGLUT1-6-Thrsp_Lamp5,supertype,0046 IT AON-TT-DP Glut_1,1,0.006622516556291391,1.0,0.013157894736842105,1.0,1.0
VGLUT1-6-Thrsp_Lamp5,supertype,0055 MEA Slc17a7 Glut_1,1,0.006622516556291391,0.002551020408163265,0.003683241252302025,1.0,1.0
VGLUT1-6-Thrsp_Lamp5,supertype,0058 COAp Grxcr2 Glut_1,3,0.019867549668874173,0.08333333333333333,0.03208556149732621,0.9366666666666666,1.0
VGLUT1-6-Thrsp_Lamp5,supertype,0059 COAp Grxcr2 Glut_2,1,0.006622516556291391,0.0019193857965451055,0.002976190476190476,1.0,1.0
VGLUT1-6-Thrsp_Lamp5,supertype,0062 LA-BLA-BMA-PA Glut_3,1,0.006622516556291391,0.003389830508474576,0.004484304932735426,0.81,0.81
VGLUT1-6-Thrsp_Lamp5,supertype,0063 LA-BLA-BMA-PA Glut_4,82,0.543046357615894,0.4939759036144578,0.5173501577287065,0.9620731707317073,0.99
VGLUT1-6-Thrsp_Lamp5,supertype,0064 LA-BLA-BMA-PA Glut_5,34,0.2251655629139073,0.09315068493150686,0.13178294573643412,0.9597058823529413,0.99
VGLUT1-7-Bok_Pamr1,supertype,0007 L5/6 IT TPE-ENT Glut_1,29,0.27884615384615385,0.8285714285714286,0.4172661870503597,0.9993103448275862,1.0
VGLUT1-7-Bok_Pamr1,supertype,0042 L2/3 IT PIR-ENTl Glut_4,1,0.009615384615384616,0.0625,0.01666666666666667,1.0,1.0
VGLUT1-7-Bok_Pamr1,supertype,0056 MEA Slc17a7 Glut_2,35,0.33653846153846156,0.1881720430107527,0.24137931034482762,0.9994285714285713,1.0
VGLUT1-7-Bok_Pamr1,supertype,0057 MEA Slc17a7 Glut_3,1,0.009615384615384616,0.004032258064516129,0.005681818181818182,1.0,1.0
VGLUT1-7-Bok_Pamr1,supertype,0058 COAp Grxcr2 Glut_1,1,0.009615384615384616,0.027777777777777776,0.014285714285714287,1.0,1.0
VGLUT1-7-Bok_Pamr1,supertype,0062 LA-BLA-BMA-PA Glut_3,32,0.3076923076923077,0.10847457627118644,0.16040100250626566,0.959375,0.99
VGLUT1-7-Bok_Pamr1,supertype,0064 LA-BLA-BMA-PA Glut_5,1,0.009615384615384616,0.0027397260273972603,0.0042643923240938165,1.0,1.0
VGLUT1-7-Bok_Pamr1,supertype,0102 NLOT Rho Glut_1,4,0.038461538461538464,0.024539877300613498,0.0299625468164794,1.0,1.0
VGLUT1-8-Sim1_C1ql1,supertype,0055 MEA Slc17a7 Glut_1,1,0.006369426751592357,0.002551020408163265,0.003642987249544626,1.0,1.0
VGLUT1-8-Sim1_C1ql1,supertype,0102 NLOT Rho Glut_1,156,0.9936305732484076,0.9570552147239264,0.975,1.0,1.0
VGLUT1-9-Gpx3_Rxfp1,supertype,0004 IT EP-CLA Glut_2,1,0.07142857142857142,0.5,0.125,1.0,1.0
VGLUT1-9-Gpx3_Rxfp1,supertype,0005 IT EP-CLA Glut_3,3,0.21428571428571427,0.375,0.2727272727272727,1.0,1.0
VGLUT1-9-Gpx3_Rxfp1,supertype,0039 L2/3 IT PIR-ENTl Glut_1,1,0.07142857142857142,0.01282051282051282,0.021739130434782608,0.94,0.94
VGLUT1-9-Gpx3_Rxfp1,supertype,0042 L2/3 IT PIR-ENTl Glut_4,3,0.21428571428571427,0.1875,0.19999999999999998,0.9933333333333333,1.0
VGLUT1-9-Gpx3_Rxfp1,supertype,0064 LA-BLA-BMA-PA Glut_5,1,0.07142857142857142,0.0027397260273972603,0.005277044854881266,0.99,0.99
VGLUT1-9-Gpx3_Rxfp1,supertype,0068 ENTmv-PA-COAp Glut_3,1,0.07142857142857142,1.0,0.13333333333333333,0.85,0.85
VGLUT1-9-Gpx3_Rxfp1,supertype,0104 L6b EPd Glut_2,1,0.07142857142857142,1.0,0.13333333333333333,1.0,1.0
VGLUT1-9-Gpx3_Rxfp1,supertype,0105 L6b EPd Glut_3,2,0.14285714285714285,1.0,0.25,1.0,1.0
VGLUT1-9-Gpx3_Rxfp1,supertype,0107 L6b/CT ENT Glut_2,1,0.07142857142857142,1.0,0.13333333333333333,1.0,1.0
VGLUT2-1-Trh_Tes,supertype,0511 COAa-PAA-MEA Barhl2 Glut_3,51,1.0,0.34459459459459457,0.5125628140703518,1.0,1.0
VGLUT2-10-Grp_Emx2,supertype,0509 COAa-PAA-MEA Barhl2 Glut_1,12,1.0,0.07017543859649122,0.13114754098360656,0.9983333333333334,1.0
VGLUT2-11-Ebf1_Fmod,supertype,0505 MEA-COA-BMA Ccdc42 Glut_1,1,0.012195121951219513,0.007194244604316547,0.00904977375565611,1.0,1.0
VGLUT2-11-Ebf1_Fmod,supertype,0508 MEA-COA-BMA Ccdc42 Glut_4,33,0.4024390243902439,0.9705882352941176,0.5689655172413793,0.976969696969697,1.0
VGLUT2-11-Ebf1_Fmod,supertype,0509 COAa-PAA-MEA Barhl2 Glut_1,48,0.5853658536585366,0.2807017543859649,0.3794466403162055,0.9941666666666666,1.0
VGLUT2-12-Pkib_Emx2,supertype,0507 MEA-COA-BMA Ccdc42 Glut_3,2,0.18181818181818182,0.014925373134328358,0.027586206896551727,0.97,0.97
VGLUT2-12-Pkib_Emx2,supertype,0509 COAa-PAA-MEA Barhl2 Glut_1,9,0.8181818181818182,0.05263157894736842,0.0989010989010989,0.9822222222222222,1.0
VGLUT2-13-Gpr88_Dgkk,supertype,0350 MEA-BST Lhx6 Sp9 Gaba_4,1,1.0,0.02702702702702703,0.052631578947368425,0.96,0.96
VGLUT2-14-Tshz1_Col23a1,supertype,0509 COAa-PAA-MEA Barhl2 Glut_1,1,0.058823529411764705,0.005847953216374269,0.010638297872340425,0.81,0.81
VGLUT2-14-Tshz1_Col23a1,supertype,0512 COAa-PAA-MEA Barhl2 Glut_4,16,0.9411764705882353,0.36363636363636365,0.5245901639344263,0.98,1.0
VGLUT2-15-Rxfp1_Rspo3,supertype,0510 COAa-PAA-MEA Barhl2 Glut_2,1,0.05555555555555555,0.03333333333333333,0.04166666666666667,1.0,1.0
VGLUT2-15-Rxfp1_Rspo3,supertype,0511 COAa-PAA-MEA Barhl2 Glut_3,8,0.4444444444444444,0.05405405405405406,0.0963855421686747,0.96875,0.99
VGLUT2-15-Rxfp1_Rspo3,supertype,0512 COAa-PAA-MEA Barhl2 Glut_4,9,0.5,0.20454545454545456,0.2903225806451613,0.9788888888888889,0.99
VGLUT2-16-Mpped1_Col23a1,supertype,0512 COAa-PAA-MEA Barhl2 Glut_4,1,0.5,0.022727272727272728,0.04347826086956522,0.85,0.85
VGLUT2-16-Mpped1_Col23a1,supertype,0513 COAa-PAA-MEA Barhl2 Glut_5,1,0.5,0.03571428571428571,0.06666666666666667,1.0,1.0
VGLUT2-17-Crh_Deptor,supertype,0509 COAa-PAA-MEA Barhl2 Glut_1,1,0.07142857142857142,0.005847953216374269,0.010810810810810811,0.99,0.99
VGLUT2-17-Crh_Deptor,supertype,0513 COAa-PAA-MEA Barhl2 Glut_5,12,0.8571428571428571,0.42857142857142855,0.5714285714285714,0.9991666666666666,1.0
VGLUT2-17-Crh_Deptor,supertype,0514 COAa-PAA-MEA Barhl2 Glut_6,1,0.07142857142857142,0.05,0.058823529411764705,0.95,0.95
VGLUT2-18-Papp2_Cdh23,supertype,0512 COAa-PAA-MEA Barhl2 Glut_4,16,0.9411764705882353,0.36363636363636365,0.5245901639344263,0.98875,1.0
VGLUT2-18-Papp2_Cdh23,supertype,0538 MEA Otp Foxp2 Glut_1,1,0.058823529411764705,0.012658227848101266,0.020833333333333336,1.0,1.0
VGLUT2-19-Fst_Foxb1,supertype,0509 COAa-PAA-MEA Barhl2 Glut_1,5,0.8333333333333334,0.029239766081871343,0.05649717514124293,0.9719999999999999,0.96
VGLUT2-19-Fst_Foxb1,supertype,0512 COAa-PAA-MEA Barhl2 Glut_4,1,0.16666666666666666,0.022727272727272728,0.04,1.0,1.0
VGLUT2-2-Mafb_Ndnf,supertype,0511 COAa-PAA-MEA Barhl2 Glut_3,38,1.0,0.25675675675675674,0.4086021505376344,0.9992105263157894,1.0
VGLUT2-20-Zic5_Serpinb1b,supertype,0056 MEA Slc17a7 Glut_2,11,0.7857142857142857,0.05913978494623656,0.11,1.0,1.0
VGLUT2-20-Zic5_Serpinb1b,supertype,0102 NLOT Rho Glut_1,1,0.07142857142857142,0.006134969325153374,0.011299435028248588,1.0,1.0
VGLUT2-20-Zic5_Serpinb1b,supertype,0505 MEA-COA-BMA Ccdc42 Glut_1,2,0.14285714285714285,0.014388489208633094,0.026143790849673207,0.935,0.935
VGLUT2-21-Neurod6_Rorb,supertype,0033 L2/3 IT ENT Glut_1,1,0.015873015873015872,1.0,0.03125,1.0,1.0
VGLUT2-21-Neurod6_Rorb,supertype,0056 MEA Slc17a7 Glut_2,60,0.9523809523809523,0.3225806451612903,0.4819277108433735,1.0,1.0
VGLUT2-21-Neurod6_Rorb,supertype,0505 MEA-COA-BMA Ccdc42 Glut_1,1,0.015873015873015872,0.007194244604316547,0.009900990099009901,1.0,1.0
VGLUT2-21-Neurod6_Rorb,supertype,0515 COAa-PAA-MEA Barhl2 Glut_7,1,0.015873015873015872,0.020833333333333332,0.01801801801801802,1.0,1.0
VGLUT2-22-Ebf2_Mylk,supertype,0042 L2/3 IT PIR-ENTl Glut_4,1,0.022727272727272728,0.0625,0.03333333333333333,0.92,0.92
VGLUT2-22-Ebf2_Mylk,supertype,0056 MEA Slc17a7 Glut_2,20,0.45454545454545453,0.10752688172043011,0.1739130434782609,0.994,1.0
VGLUT2-22-Ebf2_Mylk,supertype,0506 MEA-COA-BMA Ccdc42 Glut_2,9,0.20454545454545456,0.5294117647058824,0.29508196721311475,0.9077777777777778,0.91
VGLUT2-22-Ebf2_Mylk,supertype,0509 COAa-PAA-MEA Barhl2 Glut_1,14,0.3181818181818182,0.08187134502923976,0.13023255813953488,0.9800000000000001,1.0
VGLUT2-23-Nov_Gpr83,supertype,0005 IT EP-CLA Glut_3,3,0.25,0.375,0.3,1.0,1.0
VGLUT2-23-Nov_Gpr83,supertype,0056 MEA Slc17a7 Glut_2,2,0.16666666666666666,0.010752688172043012,0.020202020202020204,0.965,0.965
VGLUT2-23-Nov_Gpr83,supertype,0505 MEA-COA-BMA Ccdc42 Glut_1,4,0.3333333333333333,0.02877697841726619,0.052980132450331126,0.9299999999999999,0.9199999999999999
VGLUT2-23-Nov_Gpr83,supertype,0506 MEA-COA-BMA Ccdc42 Glut_2,3,0.25,0.17647058823529413,0.20689655172413793,0.9966666666666667,1.0
VGLUT2-24-Cdkn1c_Penk,supertype,0506 MEA-COA-BMA Ccdc42 Glut_2,5,0.8333333333333334,0.29411764705882354,0.4347826086956522,1.0,1.0
VGLUT2-24-Cdkn1c_Penk,supertype,0507 MEA-COA-BMA Ccdc42 Glut_3,1,0.16666666666666666,0.007462686567164179,0.014285714285714287,0.88,0.88
VGLUT2-25-Ebf3_Penk,supertype,0505 MEA-COA-BMA Ccdc42 Glut_1,19,0.8260869565217391,0.1366906474820144,0.23456790123456792,0.9789473684210527,1.0
VGLUT2-25-Ebf3_Penk,supertype,0507 MEA-COA-BMA Ccdc42 Glut_3,1,0.043478260869565216,0.007462686567164179,0.012738853503184712,0.88,0.88
VGLUT2-25-Ebf3_Penk,supertype,0541 MEA-BST Otp Zic2 Glut_3,3,0.13043478260869565,0.5,0.20689655172413793,1.0,1.0
VGLUT2-26-Krt9_Matn2,supertype,0505 MEA-COA-BMA Ccdc42 Glut_1,94,0.9494949494949495,0.6762589928057554,0.7899159663865546,0.9753191489361703,1.0
VGLUT2-26-Krt9_Matn2,supertype,0507 MEA-COA-BMA Ccdc42 Glut_3,2,0.020202020202020204,0.014925373134328358,0.01716738197424893,0.85,0.85
VGLUT2-26-Krt9_Matn2,supertype,0509 COAa-PAA-MEA Barhl2 Glut_1,3,0.030303030303030304,0.017543859649122806,0.02222222222222222,0.9866666666666667,1.0
VGLUT2-27-Cartpt_Igfbp6,supertype,0005 IT EP-CLA Glut_3,1,0.041666666666666664,0.125,0.0625,0.99,0.99
VGLUT2-27-Cartpt_Igfbp6,supertype,0056 MEA Slc17a7 Glut_2,7,0.2916666666666667,0.03763440860215054,0.06666666666666667,1.0,1.0
VGLUT2-27-Cartpt_Igfbp6,supertype,0505 MEA-COA-BMA Ccdc42 Glut_1,13,0.5416666666666666,0.09352517985611511,0.15950920245398773,0.9946153846153846,1.0
VGLUT2-27-Cartpt_Igfbp6,supertype,0509 COAa-PAA-MEA Barhl2 Glut_1,2,0.08333333333333333,0.011695906432748537,0.020512820512820513,0.9299999999999999,0.9299999999999999
VGLUT2-27-Cartpt_Igfbp6,supertype,0512 COAa-PAA-MEA Barhl2 Glut_4,1,0.041666666666666664,0.022727272727272728,0.029411764705882356,0.85,0.85
VGLUT2-28-Krt9_Penk,supertype,0056 MEA Slc17a7 Glut_2,2,0.02666666666666667,0.010752688172043012,0.015325670498084294,1.0,1.0
VGLUT2-28-Krt9_Penk,supertype,0507 MEA-COA-BMA Ccdc42 Glut_3,72,0.96,0.5373134328358209,0.6889952153110048,0.9691666666666667,0.99
VGLUT2-28-Krt9_Penk,supertype,0508 MEA-COA-BMA Ccdc42 Glut_4,1,0.013333333333333334,0.029411764705882353,0.01834862385321101,0.98,0.98
VGLUT2-29-Tac1_Cartpt,supertype,0505 MEA-COA-BMA Ccdc42 Glut_1,2,0.06060606060606061,0.014388489208633094,0.023255813953488375,0.9550000000000001,0.9550000000000001
VGLUT2-29-Tac1_Cartpt,supertype,0507 MEA-COA-BMA Ccdc42 Glut_3,29,0.8787878787878788,0.21641791044776118,0.3473053892215569,0.9986206896551725,1.0
VGLUT2-29-Tac1_Cartpt,supertype,0515 COAa-PAA-MEA Barhl2 Glut_7,2,0.06060606060606061,0.041666666666666664,0.04938271604938271,0.94,0.94
VGLUT2-3-Cd34_Papp2,supertype,0056 MEA Slc17a7 Glut_2,1,0.02857142857142857,0.005376344086021506,0.00904977375565611,1.0,1.0
VGLUT2-3-Cd34_Papp2,supertype,0511 COAa-PAA-MEA Barhl2 Glut_3,1,0.02857142857142857,0.006756756756756757,0.010928961748633882,0.88,0.88
VGLUT2-3-Cd34_Papp2,supertype,0513 COAa-PAA-MEA Barhl2 Glut_5,15,0.42857142857142855,0.5357142857142857,0.47619047619047616,0.9773333333333334,1.0
VGLUT2-3-Cd34_Papp2,supertype,0514 COAa-PAA-MEA Barhl2 Glut_6,18,0.5142857142857142,0.9,0.6545454545454545,0.9905555555555554,1.0
VGLUT2-30-Otp_Penk,supertype,0505 MEA-COA-BMA Ccdc42 Glut_1,1,0.03225806451612903,0.007194244604316547,0.011764705882352943,0.97,0.97
VGLUT2-30-Otp_Penk,supertype,0507 MEA-COA-BMA Ccdc42 Glut_3,22,0.7096774193548387,0.16417910447761194,0.26666666666666666,0.9295454545454546,0.945
VGLUT2-30-Otp_Penk,supertype,0538 MEA Otp Foxp2 Glut_1,7,0.22580645161290322,0.08860759493670886,0.1272727272727273,1.0,1.0
VGLUT2-30-Otp_Penk,supertype,0542 LHA-MEA Otp Glut_1,1,0.03225806451612903,0.058823529411764705,0.041666666666666664,0.96,0.96
VGLUT2-31-Otp_Greb1,supertype,0507 MEA-COA-BMA Ccdc42 Glut_3,1,0.017543859649122806,0.007462686567164179,0.010471204188481674,0.99,0.99
VGLUT2-31-Otp_Greb1,supertype,0516 COAa-PAA-MEA Barhl2 Glut_8,5,0.08771929824561403,0.5555555555555556,0.1515151515151515,0.99,1.0
VGLUT2-31-Otp_Greb1,supertype,0517 COAa-PAA-MEA Barhl2 Glut_9,1,0.017543859649122806,0.030303030303030304,0.02222222222222222,1.0,1.0
VGLUT2-31-Otp_Greb1,supertype,0538 MEA Otp Foxp2 Glut_1,1,0.017543859649122806,0.012658227848101266,0.014705882352941176,1.0,1.0
VGLUT2-31-Otp_Greb1,supertype,0539 MEA-BST Otp Zic2 Glut_1,1,0.017543859649122806,0.25,0.03278688524590164,0.84,0.84
VGLUT2-31-Otp_Greb1,supertype,0540 MEA-BST Otp Zic2 Glut_2,24,0.42105263157894735,1.0,0.5925925925925926,0.9970833333333333,1.0
VGLUT2-31-Otp_Greb1,supertype,0541 MEA-BST Otp Zic2 Glut_3,2,0.03508771929824561,0.3333333333333333,0.06349206349206349,1.0,1.0
VGLUT2-31-Otp_Greb1,supertype,0542 LHA-MEA Otp Glut_1,16,0.2807017543859649,0.9411764705882353,0.4324324324324324,0.995625,1.0
VGLUT2-31-Otp_Greb1,supertype,0543 LHA-MEA Otp Glut_2,6,0.10526315789473684,1.0,0.1904761904761905,0.9983333333333334,1.0
VGLUT2-32-Oxt_Avp,supertype,0588 PVH-SO-PVa Otp Glut_4,3,1.0,1.0,1.0,1.0,1.0
VGLUT2-33-Nxph2_Calb1,supertype,0507 MEA-COA-BMA Ccdc42 Glut_3,1,0.07692307692307693,0.007462686567164179,0.01360544217687075,1.0,1.0
VGLUT2-33-Nxph2_Calb1,supertype,0509 COAa-PAA-MEA Barhl2 Glut_1,6,0.46153846153846156,0.03508771929824561,0.06521739130434782,0.9500000000000001,0.98
VGLUT2-33-Nxph2_Calb1,supertype,0515 COAa-PAA-MEA Barhl2 Glut_7,6,0.46153846153846156,0.125,0.19672131147540983,0.9816666666666668,0.995
VGLUT2-34-Gal_Col12a1,supertype,0509 COAa-PAA-MEA Barhl2 Glut_1,13,0.30952380952380953,0.07602339181286549,0.1220657276995305,0.99,0.99
VGLUT2-34-Gal_Col12a1,supertype,0517 COAa-PAA-MEA Barhl2 Glut_9,28,0.6666666666666666,0.8484848484848485,0.7466666666666666,0.9932142857142857,1.0
VGLUT2-34-Gal_Col12a1,supertype,0524 LHA Barhl2 Glut_1,1,0.023809523809523808,1.0,0.046511627906976744,1.0,1.0
VGLUT2-35-Nr4a2_Zfhx4,supertype,0509 COAa-PAA-MEA Barhl2 Glut_1,1,0.025,0.005847953216374269,0.00947867298578199,1.0,1.0
VGLUT2-35-Nr4a2_Zfhx4,supertype,0515 COAa-PAA-MEA Barhl2 Glut_7,38,0.95,0.7916666666666666,0.8636363636363635,0.988421052631579,1.0
VGLUT2-35-Nr4a2_Zfhx4,supertype,0517 COAa-PAA-MEA Barhl2 Glut_9,1,0.025,0.030303030303030304,0.027397260273972605,0.99,0.99
VGLUT2-36-Lxh1_Trp73,supertype,0056 MEA Slc17a7 Glut_2,1,0.1111111111111111,0.005376344086021506,0.010256410256410256,1.0,1.0
VGLUT2-36-Lxh1_Trp73,supertype,0505 MEA-COA-BMA Ccdc42 Glut_1,1,0.1111111111111111,0.007194244604316547,0.013513513513513514,0.99,0.99
VGLUT2-36-Lxh1_Trp73,supertype,0507 MEA-COA-BMA Ccdc42 Glut_3,1,0.1111111111111111,0.007462686567164179,0.013986013986013986,0.95,0.95
VGLUT2-36-Lxh1_Trp73,supertype,0511 COAa-PAA-MEA Barhl2 Glut_3,1,0.1111111111111111,0.006756756756756757,0.012738853503184714,1.0,1.0
VGLUT2-36-Lxh1_Trp73,supertype,0516 COAa-PAA-MEA Barhl2 Glut_8,1,0.1111111111111111,0.1111111111111111,0.1111111111111111,1.0,1.0
VGLUT2-36-Lxh1_Trp73,supertype,0528 ADP-MPO Trp73 Glut_2,3,0.3333333333333333,1.0,0.5,1.0,1.0
VGLUT2-36-Lxh1_Trp73,supertype,0534 SI-MA-LPO-LHA Skor1 Glut_5,1,0.1111111111111111,0.2,0.14285714285714285,1.0,1.0
VGLUT2-37-Rspo3_Nfib,supertype,0059 COAp Grxcr2 Glut_2,1,0.05263157894736842,0.0019193857965451055,0.003703703703703704,1.0,1.0
VGLUT2-37-Rspo3_Nfib,supertype,0531 SI-MA-LPO-LHA Skor1 Glut_2,11,0.5789473684210527,0.7333333333333333,0.6470588235294117,0.9581818181818181,1.0
VGLUT2-37-Rspo3_Nfib,supertype,0532 SI-MA-LPO-LHA Skor1 Glut_3,4,0.21052631578947367,1.0,0.34782608695652173,0.995,1.0
VGLUT2-37-Rspo3_Nfib,supertype,0534 SI-MA-LPO-LHA Skor1 Glut_5,1,0.05263157894736842,0.2,0.08333333333333333,1.0,1.0
VGLUT2-37-Rspo3_Nfib,supertype,0535 SI-MA-LPO-LHA Skor1 Glut_6,2,0.10526315789473684,0.06060606060606061,0.07692307692307693,1.0,1.0
VGLUT2-38-Vwc2_Eomes,supertype,0134 OB Eomes Ms4a15 Glut_5,1,0.02857142857142857,1.0,0.05555555555555556,1.0,1.0
VGLUT2-38-Vwc2_Eomes,supertype,0509 COAa-PAA-MEA Barhl2 Glut_1,5,0.14285714285714285,0.029239766081871343,0.04854368932038835,0.9960000000000001,1.0
VGLUT2-38-Vwc2_Eomes,supertype,0531 SI-MA-LPO-LHA Skor1 Glut_2,4,0.11428571428571428,0.26666666666666666,0.16,0.97,0.98
VGLUT2-38-Vwc2_Eomes,supertype,0535 SI-MA-LPO-LHA Skor1 Glut_6,25,0.7142857142857143,0.7575757575757576,0.7352941176470589,0.9995999999999999,1.0
VGLUT2-39-Tcf7l2_Skor1,supertype,0509 COAa-PAA-MEA Barhl2 Glut_1,1,0.038461538461538464,0.005847953216374269,0.01015228426395939,1.0,1.0
VGLUT2-39-Tcf7l2_Skor1,supertype,0515 COAa-PAA-MEA Barhl2 Glut_7,1,0.038461538461538464,0.020833333333333332,0.02702702702702703,1.0,1.0
VGLUT2-39-Tcf7l2_Skor1,supertype,0530 SI-MA-LPO-LHA Skor1 Glut_1,3,0.11538461538461539,1.0,0.20689655172413793,1.0,1.0
VGLUT2-39-Tcf7l2_Skor1,supertype,0533 SI-MA-LPO-LHA Skor1 Glut_4,7,0.2692307692307692,1.0,0.42424242424242425,0.9828571428571429,1.0
VGLUT2-39-Tcf7l2_Skor1,supertype,0534 SI-MA-LPO-LHA Skor1 Glut_5,3,0.11538461538461539,0.6,0.1935483870967742,1.0,1.0
VGLUT2-39-Tcf7l2_Skor1,supertype,0535 SI-MA-LPO-LHA Skor1 Glut_6,6,0.23076923076923078,0.18181818181818182,0.2033898305084746,1.0,1.0
VGLUT2-39-Tcf7l2_Skor1,supertype,0536 SI-MA-LPO-LHA Skor1 Glut_7,2,0.07692307692307693,1.0,0.14285714285714288,0.9650000000000001,0.9650000000000001
VGLUT2-39-Tcf7l2_Skor1,supertype,0537 SI-MA-LPO-LHA Skor1 Glut_8,3,0.11538461538461539,1.0,0.20689655172413793,0.98,0.98
VGLUT2-4-Cdhr1_Zeb2,supertype,0510 COAa-PAA-MEA Barhl2 Glut_2,1,0.02040816326530612,0.03333333333333333,0.025316455696202528,0.93,0.93
VGLUT2-4-Cdhr1_Zeb2,supertype,0511 COAa-PAA-MEA Barhl2 Glut_3,45,0.9183673469387755,0.30405405405405406,0.4568527918781726,0.9964444444444445,1.0
VGLUT2-4-Cdhr1_Zeb2,supertype,0516 COAa-PAA-MEA Barhl2 Glut_8,3,0.061224489795918366,0.3333333333333333,0.10344827586206896,0.9366666666666666,1.0
VGLUT2-40-Otp_Pnoc,supertype,0539 MEA-BST Otp Zic2 Glut_1,3,1.0,0.75,0.8571428571428571,1.0,1.0
VGLUT2-41-Otp_Crabp1,supertype,0538 MEA Otp Foxp2 Glut_1,24,1.0,0.3037974683544304,0.46601941747572817,1.0,1.0
VGLUT2-42-Otp_Sema3c,supertype,0507 MEA-COA-BMA Ccdc42 Glut_3,1,0.02127659574468085,0.007462686567164179,0.011049723756906077,0.93,0.93
VGLUT2-42-Otp_Sema3c,supertype,0538 MEA Otp Foxp2 Glut_1,46,0.9787234042553191,0.5822784810126582,0.7301587301587302,1.0,1.0
VGLUT2-5-Runx1_Zeb2,supertype,0509 COAa-PAA-MEA Barhl2 Glut_1,1,0.05263157894736842,0.005847953216374269,0.010526315789473684,0.98,0.98
VGLUT2-5-Runx1_Zeb2,supertype,0510 COAa-PAA-MEA Barhl2 Glut_2,15,0.7894736842105263,0.5,0.6122448979591837,0.9766666666666667,1.0
VGLUT2-5-Runx1_Zeb2,supertype,0511 COAa-PAA-MEA Barhl2 Glut_3,2,0.10526315789473684,0.013513513513513514,0.023952095808383235,0.98,0.98
VGLUT2-5-Runx1_Zeb2,supertype,0514 COAa-PAA-MEA Barhl2 Glut_6,1,0.05263157894736842,0.05,0.05128205128205128,0.91,0.91
VGLUT2-6-Peg10_Calcr,supertype,0509 COAa-PAA-MEA Barhl2 Glut_1,4,0.3333333333333333,0.023391812865497075,0.04371584699453552,0.925,0.925
VGLUT2-6-Peg10_Calcr,supertype,0510 COAa-PAA-MEA Barhl2 Glut_2,5,0.4166666666666667,0.16666666666666666,0.23809523809523808,0.968,0.98
VGLUT2-6-Peg10_Calcr,supertype,0517 COAa-PAA-MEA Barhl2 Glut_9,3,0.25,0.09090909090909091,0.13333333333333333,0.9966666666666667,1.0
VGLUT2-7-Rxfp1_Cd24a,supertype,0510 COAa-PAA-MEA Barhl2 Glut_2,8,1.0,0.26666666666666666,0.4210526315789474,0.95875,0.96
VGLUT2-8-Chrdl1_Abi3bp,supertype,0509 COAa-PAA-MEA Barhl2 Glut_1,12,1.0,0.07017543859649122,0.13114754098360656,0.9766666666666667,1.0
VGLUT2-9-Tacr3_Npnt,supertype,0509 COAa-PAA-MEA Barhl2 Glut_1,32,1.0,0.1871345029239766,0.31527093596059114,1.0,1.0
GABA-1-Foxp2_Fmod,cluster,1014 STR-PAL Chst9 Gaba_5,1,0.043478260869565216,0.14285714285714285,0.06666666666666667,1.0,1.0
GABA-1-Foxp2_Fmod,cluster,1019 IA Mgp Gaba_2,2,0.08695652173913043,1.0,0.16,0.995,0.995
GABA-1-Foxp2_Fmod,cluster,1020 IA Mgp Gaba_2,3,0.13043478260869565,1.0,0.23076923076923078,0.8933333333333334,0.87
GABA-1-Foxp2_Fmod,cluster,1021 IA Mgp Gaba_3,5,0.21739130434782608,1.0,0.3571428571428571,0.998,1.0
GABA-1-Foxp2_Fmod,cluster,1022 IA Mgp Gaba_3,7,0.30434782608695654,1.0,0.4666666666666667,0.9971428571428572,1.0
GABA-1-Foxp2_Fmod,cluster,1023 IA Mgp Gaba_3,5,0.21739130434782608,1.0,0.3571428571428571,0.9400000000000001,0.91
GABA-10-Prkcd-Adora2a,cluster,1333 CEA-BST Six3 Cyp26b1 Gaba_2,3,1.0,0.14285714285714285,0.25,0.9566666666666667,0.95
GABA-11-Adora2a-Id4,cluster,0970 STR D2 Gaba_1,1,0.03571428571428571,0.06666666666666667,0.046511627906976744,1.0,1.0
GABA-11-Adora2a-Id4,cluster,0971 STR D2 Gaba_1,2,0.07142857142857142,1.0,0.13333333333333333,0.9450000000000001,0.9450000000000001
GABA-11-Adora2a-Id4,cluster,1336 CEA-BST Six3 Cyp26b1 Gaba_3,3,0.10714285714285714,0.75,0.1875,1.0,1.0
GABA-11-Adora2a-Id4,cluster,1344 CEA-BST Six3 Cyp26b1 Gaba_5,21,0.75,1.0,0.8571428571428571,0.9933333333333333,1.0
GABA-11-Adora2a-Id4,cluster,2029 COAa-PAA-MEA Barhl2 Glut_3,1,0.03571428571428571,0.02564102564102564,0.029850746268656716,1.0,1.0
GABA-12-Adora2a-Scn4b,cluster,0966 STR D2 Gaba_1,1,0.025,0.5,0.047619047619047616,0.9,0.9
GABA-12-Adora2a-Scn4b,cluster,0967 STR D2 Gaba_1,2,0.05,1.0,0.09523809523809523,1.0,1.0
GABA-12-Adora2a-Scn4b,cluster,0968 STR D2 Gaba_1,13,0.325,1.0,0.4905660377358491,0.9746153846153847,1.0
GABA-12-Adora2a-Scn4b,cluster,0970 STR D2 Gaba_1,14,0.35,0.9333333333333333,0.5090909090909091,0.9992857142857143,1.0
GABA-12-Adora2a-Scn4b,cluster,0972 STR D2 Gaba_2,1,0.025,1.0,0.04878048780487806,0.98,0.98
GABA-12-Adora2a-Scn4b,cluster,0978 STR D2 Gaba_3,4,0.1,0.8,0.1777777777777778,1.0,1.0
GABA-12-Adora2a-Scn4b,cluster,0983 STR D2 Gaba_5,2,0.05,0.2857142857142857,0.0851063829787234,1.0,1.0
GABA-12-Adora2a-Scn4b,cluster,0988 STR D2 Gaba_6,1,0.025,1.0,0.04878048780487806,0.95,0.95
GABA-12-Adora2a-Scn4b,cluster,1333 CEA-BST Six3 Cyp26b1 Gaba_2,1,0.025,0.047619047619047616,0.03278688524590165,0.96,0.96
GABA-12-Adora2a-Scn4b,cluster,1367 CEA-AAA-BST Six3 Sp9 Gaba_4,1,0.025,0.16666666666666666,0.04347826086956522,0.98,0.98
GABA-13-Adora2a-Crh,cluster,0957 STR D1 Gaba_5,1,0.1,0.1,0.10000000000000002,1.0,1.0
GABA-13-Adora2a-Crh,cluster,0966 STR D2 Gaba_1,1,0.1,0.5,0.16666666666666669,0.83,0.83
GABA-13-Adora2a-Crh,cluster,0983 STR D2 Gaba_5,5,0.5,0.7142857142857143,0.588235294117647,0.998,1.0
GABA-13-Adora2a-Crh,cluster,0984 STR D2 Gaba_5,3,0.3,1.0,0.4615384615384615,0.9966666666666667,1.0
GABA-14-Drd1-Scn4b,cluster,0941 OT D3 Folh1 Gaba_3,4,0.2,1.0,0.33333333333333337,1.0,1.0
GABA-14-Drd1-Scn4b,cluster,0947 STR D1 Gaba_1,3,0.15,1.0,0.2608695652173913,1.0,1.0
GABA-14-Drd1-Scn4b,cluster,0950 STR D1 Gaba_3,1,0.05,1.0,0.09523809523809523,1.0,1.0
GABA-14-Drd1-Scn4b,cluster,0955 STR D1 Gaba_5,2,0.1,0.4,0.16000000000000003,1.0,1.0
GABA-14-Drd1-Scn4b,cluster,0956 STR D1 Gaba_5,1,0.05,1.0,0.09523809523809523,1.0,1.0
GABA-14-Drd1-Scn4b,cluster,0957 STR D1 Gaba_5,9,0.45,0.9,0.6,0.9766666666666666,1.0
GABA-15-Drd1-Ebf1,cluster,0955 STR D1 Gaba_5,3,0.3,0.6,0.4,1.0,1.0
GABA-15-Drd1-Ebf1,cluster,0960 STR D1 Gaba_7,6,0.6,1.0,0.7499999999999999,1.0,1.0
GABA-15-Drd1-Ebf1,cluster,1393 CEA-BST Ebf1 Pdyn Gaba_3,1,0.1,0.027777777777777776,0.04347826086956522,0.99,0.99
GABA-16-Prkcd-Nts,cluster,1391 CEA-BST Ebf1 Pdyn Gaba_3,35,0.9459459459459459,0.9210526315789473,0.9333333333333332,0.9905714285714287,1.0
GABA-16-Prkcd-Nts,cluster,1394 CEA-BST Ebf1 Pdyn Gaba_3,2,0.05405405405405406,0.14285714285714285,0.0784313725490196,0.845,0.845
GABA-17-Pdyn-Ebf1,cluster,1390 CEA-BST Ebf1 Pdyn Gaba_3,2,0.038461538461538464,0.5,0.07142857142857144,1.0,1.0
GABA-17-Pdyn-Ebf1,cluster,1391 CEA-BST Ebf1 Pdyn Gaba_3,3,0.057692307692307696,0.07894736842105263,0.06666666666666667,0.9966666666666667,1.0
GABA-17-Pdyn-Ebf1,cluster,1393 CEA-BST Ebf1 Pdyn Gaba_3,35,0.6730769230769231,0.9722222222222222,0.7954545454545455,0.9802857142857143,1.0
GABA-17-Pdyn-Ebf1,cluster,1394 CEA-BST Ebf1 Pdyn Gaba_3,12,0.23076923076923078,0.8571428571428571,0.36363636363636365,0.9700000000000001,0.995
GABA-18-Isl1-Tac1,cluster,1374 ACB-BST-FS D1 Gaba_1,1,0.047619047619047616,0.5,0.08695652173913042,0.89,0.89
GABA-18-Isl1-Tac1,cluster,1387 CEA-BST Ebf1 Pdyn Gaba_2,16,0.7619047619047619,1.0,0.8648648648648648,0.9825,0.99
GABA-18-Isl1-Tac1,cluster,1388 CEA-BST Ebf1 Pdyn Gaba_2,2,0.09523809523809523,1.0,0.17391304347826084,1.0,1.0
GABA-18-Isl1-Tac1,cluster,1389 CEA-BST Ebf1 Pdyn Gaba_2,2,0.09523809523809523,0.5,0.16,0.9450000000000001,0.9450000000000001
GABA-19-Isl1-Aldoc,cluster,1374 ACB-BST-FS D1 Gaba_1,1,0.022727272727272728,0.5,0.04347826086956522,0.92,0.92
GABA-19-Isl1-Aldoc,cluster,1378 ACB-BST-FS D1 Gaba_2,1,0.022727272727272728,1.0,0.044444444444444446,1.0,1.0
GABA-19-Isl1-Aldoc,cluster,1384 CEA-BST Ebf1 Pdyn Gaba_1,17,0.38636363636363635,0.7083333333333334,0.5,0.9829411764705883,1.0
GABA-19-Isl1-Aldoc,cluster,1385 CEA-BST Ebf1 Pdyn Gaba_1,1,0.022727272727272728,1.0,0.044444444444444446,0.93,0.93
GABA-19-Isl1-Aldoc,cluster,1389 CEA-BST Ebf1 Pdyn Gaba_2,2,0.045454545454545456,0.5,0.08333333333333334,1.0,1.0
GABA-19-Isl1-Aldoc,cluster,1390 CEA-BST Ebf1 Pdyn Gaba_3,1,0.022727272727272728,0.25,0.04166666666666667,1.0,1.0
GABA-19-Isl1-Aldoc,cluster,1395 CEA-BST Ebf1 Pdyn Gaba_4,4,0.09090909090909091,1.0,0.16666666666666669,1.0,1.0
GABA-19-Isl1-Aldoc,cluster,1396 CEA-BST Ebf1 Pdyn Gaba_4,4,0.09090909090909091,1.0,0.16666666666666669,1.0,1.0
GABA-19-Isl1-Aldoc,cluster,1397 CEA-BST Ebf1 Pdyn Gaba_4,2,0.045454545454545456,1.0,0.08695652173913045,1.0,1.0
GABA-19-Isl1-Aldoc,cluster,1399 CEA-BST Ebf1 Pdyn Gaba_5,2,0.045454545454545456,1.0,0.08695652173913045,1.0,1.0
GABA-19-Isl1-Aldoc,cluster,1400 CEA-BST Ebf1 Pdyn Gaba_5,2,0.045454545454545456,0.6666666666666666,0.08510638297872342,0.95,0.95
GABA-19-Isl1-Aldoc,cluster,1401 CEA-BST Ebf1 Pdyn Gaba_5,1,0.022727272727272728,1.0,0.044444444444444446,1.0,1.0
GABA-19-Isl1-Aldoc,cluster,1404 CEA-BST Ebf1 Pdyn Gaba_7,2,0.045454545454545456,0.6666666666666666,0.08510638297872342,1.0,1.0
GABA-19-Isl1-Aldoc,cluster,1405 CEA-BST Ebf1 Pdyn Gaba_8,2,0.045454545454545456,1.0,0.08695652173913045,0.98,0.98
GABA-19-Isl1-Aldoc,cluster,1406 CEA-BST Ebf1 Pdyn Gaba_8,2,0.045454545454545456,1.0,0.08695652173913045,1.0,1.0
GABA-2-Foxp2_Adra2a,cluster,1004 STR-PAL Chst9 Gaba_2,3,0.05,1.0,0.09523809523809523,1.0,1.0
GABA-2-Foxp2_Adra2a,cluster,1005 STR-PAL Chst9 Gaba_2,41,0.6833333333333333,1.0,0.8118811881188119,0.9592682926829268,1.0
GABA-2-Foxp2_Adra2a,cluster,1006 STR-PAL Chst9 Gaba_2,3,0.05,1.0,0.09523809523809523,0.9,0.9
GABA-2-Foxp2_Adra2a,cluster,1007 STR-PAL Chst9 Gaba_2,9,0.15,1.0,0.2608695652173913,0.9377777777777777,0.96
GABA-2-Foxp2_Adra2a,cluster,1011 STR-PAL Chst9 Gaba_4,1,0.016666666666666666,0.014492753623188406,0.015503875968992248,0.99,0.99
GABA-2-Foxp2_Adra2a,cluster,1014 STR-PAL Chst9 Gaba_5,2,0.03333333333333333,0.2857142857142857,0.05970149253731343,0.905,0.905
GABA-2-Foxp2_Adra2a,cluster,1015 STR-PAL Chst9 Gaba_5,1,0.016666666666666666,0.07142857142857142,0.02702702702702703,1.0,1.0
GABA-20-Gpr101-Gabre,cluster,1384 CEA-BST Ebf1 Pdyn Gaba_1,6,0.8571428571428571,0.25,0.3870967741935483,1.0,1.0
GABA-20-Gpr101-Gabre,cluster,1390 CEA-BST Ebf1 Pdyn Gaba_3,1,0.14285714285714285,0.25,0.18181818181818182,1.0,1.0
GABA-21-Vdr-Nts,cluster,1384 CEA-BST Ebf1 Pdyn Gaba_1,1,0.1,0.041666666666666664,0.058823529411764705,1.0,1.0
GABA-21-Vdr-Nts,cluster,1400 CEA-BST Ebf1 Pdyn Gaba_5,1,0.1,0.3333333333333333,0.15384615384615383,0.82,0.82
GABA-21-Vdr-Nts,cluster,1402 CEA-BST Ebf1 Pdyn Gaba_6,1,0.1,1.0,0.18181818181818182,1.0,1.0
GABA-21-Vdr-Nts,cluster,1403 CEA-BST Ebf1 Pdyn Gaba_6,7,0.7,1.0,0.8235294117647058,0.9942857142857143,1.0
GABA-22-Gal-Avp,cluster,1239 MEA-BST Lhx6 Sp9 Gaba_1,1,0.03571428571428571,0.5,0.06666666666666667,1.0,1.0
GABA-22-Gal-Avp,cluster,1315 CEA-BST Gal Avp Gaba_1,4,0.14285714285714285,1.0,0.25,0.9875,1.0
GABA-22-Gal-Avp,cluster,1316 CEA-BST Gal Avp Gaba_1,7,0.25,1.0,0.4,0.9957142857142857,1.0
GABA-22-Gal-Avp,cluster,1558 BST-MPN Six3 Nrgn Gaba_6,1,0.03571428571428571,0.3333333333333333,0.06451612903225806,1.0,1.0
GABA-22-Gal-Avp,cluster,1559 BST-MPN Six3 Nrgn Gaba_6,1,0.03571428571428571,1.0,0.0689655172413793,0.87,0.87
GABA-22-Gal-Avp,cluster,1560 BST-MPN Six3 Nrgn Gaba_6,3,0.10714285714285714,1.0,0.19354838709677416,0.9899999999999999,1.0
GABA-22-Gal-Avp,cluster,1562 BST-MPN Six3 Nrgn Gaba_6,5,0.17857142857142858,1.0,0.30303030303030304,1.0,1.0
GABA-22-Gal-Avp,cluster,1564 BST-MPN Six3 Nrgn Gaba_6,6,0.21428571428571427,1.0,0.35294117647058826,0.9533333333333335,1.0
GABA-23-Fign-Lrpprc,cluster,1261 MEA-BST Lhx6 Sp9 Gaba_6,1,0.041666666666666664,1.0,0.07999999999999999,1.0,1.0
GABA-23-Fign-Lrpprc,cluster,1262 MEA-BST Lhx6 Sp9 Gaba_6,2,0.08333333333333333,1.0,0.15384615384615385,0.935,0.935
GABA-23-Fign-Lrpprc,cluster,1349 CEA-AAA-BST Six3 Sp9 Gaba_1,7,0.2916666666666667,1.0,0.45161290322580644,0.9414285714285714,0.93
GABA-23-Fign-Lrpprc,cluster,1351 CEA-AAA-BST Six3 Sp9 Gaba_1,1,0.041666666666666664,1.0,0.07999999999999999,1.0,1.0
GABA-23-Fign-Lrpprc,cluster,1353 CEA-AAA-BST Six3 Sp9 Gaba_1,9,0.375,1.0,0.5454545454545454,0.9611111111111111,1.0
GABA-23-Fign-Lrpprc,cluster,1360 CEA-AAA-BST Six3 Sp9 Gaba_3,1,0.041666666666666664,0.5,0.07692307692307693,0.96,0.96
GABA-23-Fign-Lrpprc,cluster,1370 CEA-AAA-BST Six3 Sp9 Gaba_7,1,0.041666666666666664,1.0,0.07999999999999999,1.0,1.0
GABA-23-Fign-Lrpprc,cluster,1558 BST-MPN Six3 Nrgn Gaba_6,2,0.08333333333333333,0.6666666666666666,0.14814814814814814,1.0,1.0
GABA-24-Fign-Ucn3,cluster,1251 MEA-BST Lhx6 Sp9 Gaba_3,1,0.041666666666666664,0.125,0.0625,0.82,0.82
GABA-24-Fign-Ucn3,cluster,1252 MEA-BST Lhx6 Sp9 Gaba_3,5,0.20833333333333334,0.625,0.3125,0.9620000000000001,1.0
GABA-24-Fign-Ucn3,cluster,1254 MEA-BST Lhx6 Sp9 Gaba_4,1,0.041666666666666664,0.5,0.07692307692307693,0.83,0.83
GABA-24-Fign-Ucn3,cluster,1255 MEA-BST Lhx6 Sp9 Gaba_4,1,0.041666666666666664,0.08333333333333333,0.05555555555555555,0.83,0.83
GABA-24-Fign-Ucn3,cluster,1257 MEA-BST Lhx6 Sp9 Gaba_5,10,0.4166666666666667,1.0,0.5882352941176471,0.9710000000000001,1.0
GABA-24-Fign-Ucn3,cluster,1258 MEA-BST Lhx6 Sp9 Gaba_5,1,0.041666666666666664,1.0,0.07999999999999999,1.0,1.0
GABA-24-Fign-Ucn3,cluster,1259 MEA-BST Lhx6 Sp9 Gaba_5,4,0.16666666666666666,1.0,0.2857142857142857,0.9975,1.0
GABA-24-Fign-Ucn3,cluster,1260 MEA-BST Lhx6 Sp9 Gaba_5,1,0.041666666666666664,0.2,0.06896551724137931,0.98,0.98
GABA-25-Lhx8-Th,cluster,0875 NDB-SI-MA-STRv Lhx8 Gaba_2,1,0.027777777777777776,1.0,0.05405405405405406,1.0,1.0
GABA-25-Lhx8-Th,cluster,0876 NDB-SI-MA-STRv Lhx8 Gaba_2,1,0.027777777777777776,1.0,0.05405405405405406,0.87,0.87
GABA-25-Lhx8-Th,cluster,0878 NDB-SI-MA-STRv Lhx8 Gaba_2,1,0.027777777777777776,1.0,0.05405405405405406,1.0,1.0
GABA-25-Lhx8-Th,cluster,0898 NDB-SI-MA-STRv Lhx8 Gaba_5,2,0.05555555555555555,1.0,0.10526315789473684,1.0,1.0
GABA-25-Lhx8-Th,cluster,0899 NDB-SI-MA-STRv Lhx8 Gaba_6,2,0.05555555555555555,1.0,0.10526315789473684,1.0,1.0
GABA-25-Lhx8-Th,cluster,0900 NDB-SI-MA-STRv Lhx8 Gaba_6,3,0.08333333333333333,1.0,0.15384615384615385,0.9899999999999999,0.99
GABA-25-Lhx8-Th,cluster,0901 NDB-SI-MA-STRv Lhx8 Gaba_6,6,0.16666666666666666,1.0,0.2857142857142857,0.9483333333333334,0.9550000000000001
GABA-25-Lhx8-Th,cluster,0902 NDB-SI-MA-STRv Lhx8 Gaba_6,2,0.05555555555555555,1.0,0.10526315789473684,1.0,1.0
GABA-25-Lhx8-Th,cluster,0910 NDB-SI-MA-STRv Lhx8 Gaba_9,6,0.16666666666666666,1.0,0.2857142857142857,1.0,1.0
GABA-25-Lhx8-Th,cluster,0911 NDB-SI-MA-STRv Lhx8 Gaba_9,1,0.027777777777777776,1.0,0.05405405405405406,1.0,1.0
GABA-25-Lhx8-Th,cluster,0915 NDB-SI-MA-STRv Lhx8 Gaba_11,1,0.027777777777777776,1.0,0.05405405405405406,1.0,1.0
GABA-25-Lhx8-Th,cluster,0916 NDB-SI-MA-STRv Lhx8 Gaba_12,3,0.08333333333333333,1.0,0.15384615384615385,1.0,1.0
GABA-25-Lhx8-Th,cluster,0937 PAL-STR Gaba-Chol_3,1,0.027777777777777776,1.0,0.05405405405405406,0.98,0.98
GABA-25-Lhx8-Th,cluster,1418 SI-MPO-LPO Lhx8 Gaba_1,1,0.027777777777777776,1.0,0.05405405405405406,1.0,1.0
GABA-25-Lhx8-Th,cluster,1422 SI-MPO-LPO Lhx8 Gaba_1,1,0.027777777777777776,1.0,0.05405405405405406,0.95,0.95
GABA-25-Lhx8-Th,cluster,1423 SI-MPO-LPO Lhx8 Gaba_1,1,0.027777777777777776,1.0,0.05405405405405406,1.0,1.0
GABA-25-Lhx8-Th,cluster,1425 SI-MPO-LPO Lhx8 Gaba_1,3,0.08333333333333333,1.0,0.15384615384615385,1.0,1.0
GABA-26-Cbln4-Sst,cluster,1275 MEA-BST Lhx6 Nr2e1 Gaba_2,5,0.2777777777777778,1.0,0.4347826086956522,0.994,1.0
GABA-26-Cbln4-Sst,cluster,1276 MEA-BST Lhx6 Nr2e1 Gaba_2,2,0.1111111111111111,1.0,0.19999999999999998,0.87,0.87
GABA-26-Cbln4-Sst,cluster,1277 MEA-BST Lhx6 Nr2e1 Gaba_2,4,0.2222222222222222,0.8,0.3478260869565218,0.9675,0.98
GABA-26-Cbln4-Sst,cluster,1278 MEA-BST Lhx6 Nr2e1 Gaba_2,1,0.05555555555555555,1.0,0.10526315789473684,0.99,0.99
GABA-26-Cbln4-Sst,cluster,1280 MEA-BST Lhx6 Nr2e1 Gaba_3,6,0.3333333333333333,0.25,0.28571428571428575,1.0,1.0
GABA-27-Lhx6-Nxph2,cluster,0863 NDB-SI-MA-STRv Lhx8 Gaba_1,1,0.017857142857142856,1.0,0.03508771929824561,1.0,1.0
GABA-27-Lhx6-Nxph2,cluster,0913 NDB-SI-MA-STRv Lhx8 Gaba_10,1,0.017857142857142856,1.0,0.03508771929824561,1.0,1.0
GABA-27-Lhx6-Nxph2,cluster,0914 NDB-SI-MA-STRv Lhx8 Gaba_10,1,0.017857142857142856,1.0,0.03508771929824561,0.99,0.99
GABA-27-Lhx6-Nxph2,cluster,1210 MEA-BST Sox6 Gaba_4,1,0.017857142857142856,0.5,0.03448275862068965,1.0,1.0
GABA-27-Lhx6-Nxph2,cluster,1213 MEA-BST Sox6 Gaba_5,1,0.017857142857142856,1.0,0.03508771929824561,1.0,1.0
GABA-27-Lhx6-Nxph2,cluster,1242 MEA-BST Lhx6 Sp9 Gaba_1,1,0.017857142857142856,0.14285714285714285,0.031746031746031744,0.9,0.9
GABA-27-Lhx6-Nxph2,cluster,1243 MEA-BST Lhx6 Sp9 Gaba_1,3,0.05357142857142857,0.375,0.09375,0.9933333333333333,1.0
GABA-27-Lhx6-Nxph2,cluster,1248 MEA-BST Lhx6 Sp9 Gaba_3,1,0.017857142857142856,1.0,0.03508771929824561,0.89,0.89
GABA-27-Lhx6-Nxph2,cluster,1249 MEA-BST Lhx6 Sp9 Gaba_3,4,0.07142857142857142,1.0,0.13333333333333333,1.0,1.0
GABA-27-Lhx6-Nxph2,cluster,1251 MEA-BST Lhx6 Sp9 Gaba_3,7,0.125,0.875,0.21875,0.972857142857143,1.0
GABA-27-Lhx6-Nxph2,cluster,1252 MEA-BST Lhx6 Sp9 Gaba_3,3,0.05357142857142857,0.375,0.09375,0.9966666666666667,1.0
GABA-27-Lhx6-Nxph2,cluster,1254 MEA-BST Lhx6 Sp9 Gaba_4,1,0.017857142857142856,0.5,0.03448275862068965,0.99,0.99
GABA-27-Lhx6-Nxph2,cluster,1255 MEA-BST Lhx6 Sp9 Gaba_4,11,0.19642857142857142,0.9166666666666666,0.32352941176470584,0.9536363636363636,0.99
GABA-27-Lhx6-Nxph2,cluster,1256 MEA-BST Lhx6 Sp9 Gaba_4,4,0.07142857142857142,1.0,0.13333333333333333,0.965,0.98
GABA-27-Lhx6-Nxph2,cluster,1260 MEA-BST Lhx6 Sp9 Gaba_5,3,0.05357142857142857,0.6,0.0983606557377049,1.0,1.0
GABA-27-Lhx6-Nxph2,cluster,1274 MEA-BST Lhx6 Nr2e1 Gaba_2,1,0.017857142857142856,1.0,0.03508771929824561,0.95,0.95
GABA-27-Lhx6-Nxph2,cluster,1277 MEA-BST Lhx6 Nr2e1 Gaba_2,1,0.017857142857142856,0.2,0.03278688524590164,0.94,0.94
GABA-27-Lhx6-Nxph2,cluster,1279 MEA-BST Lhx6 Nr2e1 Gaba_2,11,0.19642857142857142,1.0,0.3283582089552239,0.9927272727272727,1.0
GABA-28-Cbln4-Luzp2,cluster,1194 MEA-BST Sox6 Gaba_2,1,0.06666666666666667,0.09090909090909091,0.07692307692307691,1.0,1.0
GABA-28-Cbln4-Luzp2,cluster,1206 MEA-BST Sox6 Gaba_4,4,0.26666666666666666,1.0,0.4210526315789474,1.0,1.0
GABA-28-Cbln4-Luzp2,cluster,1209 MEA-BST Sox6 Gaba_4,7,0.4666666666666667,1.0,0.6363636363636364,0.9985714285714286,1.0
GABA-28-Cbln4-Luzp2,cluster,1210 MEA-BST Sox6 Gaba_4,1,0.06666666666666667,0.5,0.11764705882352941,1.0,1.0
GABA-28-Cbln4-Luzp2,cluster,1211 MEA-BST Sox6 Gaba_4,2,0.13333333333333333,1.0,0.23529411764705882,0.995,0.995
GABA-29-Prlr-Greb1,cluster,1238 MEA-BST Lhx6 Sp9 Gaba_1,10,0.23809523809523808,1.0,0.3846153846153846,0.9630000000000001,0.99
GABA-29-Prlr-Greb1,cluster,1239 MEA-BST Lhx6 Sp9 Gaba_1,1,0.023809523809523808,0.5,0.04545454545454545,1.0,1.0
GABA-29-Prlr-Greb1,cluster,1240 MEA-BST Lhx6 Sp9 Gaba_1,8,0.19047619047619047,1.0,0.32,0.95,0.975
GABA-29-Prlr-Greb1,cluster,1242 MEA-BST Lhx6 Sp9 Gaba_1,6,0.14285714285714285,0.8571428571428571,0.24489795918367344,0.9916666666666667,1.0
GABA-29-Prlr-Greb1,cluster,1243 MEA-BST Lhx6 Sp9 Gaba_1,5,0.11904761904761904,0.625,0.19999999999999998,0.992,1.0
GABA-29-Prlr-Greb1,cluster,1253 MEA-BST Lhx6 Sp9 Gaba_4,12,0.2857142857142857,1.0,0.4444444444444445,0.9966666666666667,1.0
GABA-3-Foxp2_Col6a1,cluster,0990 STR D1 Sema5a Gaba_1,1,0.01020408163265306,1.0,0.020202020202020204,0.98,0.98
GABA-3-Foxp2_Col6a1,cluster,1000 STR D1 Sema5a Gaba_4,5,0.05102040816326531,1.0,0.09708737864077671,0.9719999999999999,1.0
GABA-3-Foxp2_Col6a1,cluster,1009 STR-PAL Chst9 Gaba_3,3,0.030612244897959183,1.0,0.05940594059405941,0.9933333333333333,1.0
GABA-3-Foxp2_Col6a1,cluster,1011 STR-PAL Chst9 Gaba_4,68,0.6938775510204082,0.9855072463768116,0.81437125748503,0.9823529411764705,1.0
GABA-3-Foxp2_Col6a1,cluster,1012 STR-PAL Chst9 Gaba_4,10,0.10204081632653061,1.0,0.1851851851851852,0.9480000000000001,0.98
GABA-3-Foxp2_Col6a1,cluster,1013 STR-PAL Chst9 Gaba_5,1,0.01020408163265306,0.1,0.018518518518518514,0.95,0.95
GABA-3-Foxp2_Col6a1,cluster,1014 STR-PAL Chst9 Gaba_5,3,0.030612244897959183,0.42857142857142855,0.05714285714285714,0.9766666666666667,1.0
GABA-3-Foxp2_Col6a1,cluster,1015 STR-PAL Chst9 Gaba_5,5,0.05102040816326531,0.35714285714285715,0.08928571428571429,0.984,1.0
GABA-3-Foxp2_Col6a1,cluster,1352 CEA-AAA-BST Six3 Sp9 Gaba_1,1,0.01020408163265306,1.0,0.020202020202020204,0.91,0.91
GABA-3-Foxp2_Col6a1,cluster,2029 COAa-PAA-MEA Barhl2 Glut_3,1,0.01020408163265306,0.02564102564102564,0.014598540145985401,1.0,1.0
GABA-30-Prlr-Calcr,cluster,1269 MEA-BST Lhx6 Nr2e1 Gaba_1,18,0.5142857142857142,1.0,0.6792452830188679,0.9716666666666666,1.0
GABA-30-Prlr-Calcr,cluster,1270 MEA-BST Lhx6 Nr2e1 Gaba_1,10,0.2857142857142857,1.0,0.4444444444444445,0.9570000000000001,0.985
GABA-30-Prlr-Calcr,cluster,1271 MEA-BST Lhx6 Nr2e1 Gaba_1,3,0.08571428571428572,1.0,0.15789473684210528,0.8766666666666666,0.85
GABA-30-Prlr-Calcr,cluster,1272 MEA-BST Lhx6 Nr2e1 Gaba_1,2,0.05714285714285714,1.0,0.1081081081081081,0.895,0.895
GABA-30-Prlr-Calcr,cluster,1280 MEA-BST Lhx6 Nr2e1 Gaba_3,1,0.02857142857142857,0.041666666666666664,0.03389830508474576,1.0,1.0
GABA-30-Prlr-Calcr,cluster,1299 MEA-BST Lhx6 Nfib Gaba_3,1,0.02857142857142857,0.09090909090909091,0.043478260869565216,0.96,0.96
GABA-31-Prlr-Cbln1,cluster,1281 MEA-BST Lhx6 Nfib Gaba_1,1,0.07142857142857142,0.16666666666666666,0.1,1.0,1.0
GABA-31-Prlr-Cbln1,cluster,1296 MEA-BST Lhx6 Nfib Gaba_3,2,0.14285714285714285,0.5,0.22222222222222224,0.98,0.98
GABA-31-Prlr-Cbln1,cluster,1298 MEA-BST Lhx6 Nfib Gaba_3,1,0.07142857142857142,1.0,0.13333333333333333,1.0,1.0
GABA-31-Prlr-Cbln1,cluster,1299 MEA-BST Lhx6 Nfib Gaba_3,10,0.7142857142857143,0.9090909090909091,0.8,0.962,0.995
GABA-32-Prlr-Tac1,cluster,1260 MEA-BST Lhx6 Sp9 Gaba_5,1,0.013513513513513514,0.2,0.02531645569620253,1.0,1.0
GABA-32-Prlr-Tac1,cluster,1284 MEA-BST Lhx6 Nfib Gaba_1,1,0.013513513513513514,1.0,0.026666666666666665,1.0,1.0
GABA-32-Prlr-Tac1,cluster,1288 MEA-BST Lhx6 Nfib Gaba_1,1,0.013513513513513514,1.0,0.026666666666666665,1.0,1.0
GABA-32-Prlr-Tac1,cluster,1291 MEA-BST Lhx6 Nfib Gaba_2,4,0.05405405405405406,0.4444444444444444,0.0963855421686747,1.0,1.0
GABA-32-Prlr-Tac1,cluster,1296 MEA-BST Lhx6 Nfib Gaba_3,2,0.02702702702702703,0.5,0.05128205128205129,0.925,0.925
GABA-32-Prlr-Tac1,cluster,1297 MEA-BST Lhx6 Nfib Gaba_3,58,0.7837837837837838,1.0,0.8787878787878788,0.9937931034482759,1.0
GABA-32-Prlr-Tac1,cluster,1300 MEA-BST Lhx6 Nfib Gaba_3,7,0.0945945945945946,1.0,0.17283950617283952,0.9985714285714286,1.0
GABA-33-Prlr-St18,cluster,0830 STR Prox1 Lhx6 Gaba_1,1,0.020833333333333332,0.5,0.039999999999999994,1.0,1.0
GABA-33-Prlr-St18,cluster,1191 MEA-BST Sox6 Gaba_1,1,0.020833333333333332,0.5,0.039999999999999994,1.0,1.0
GABA-33-Prlr-St18,cluster,1289 MEA-BST Lhx6 Nfib Gaba_2,2,0.041666666666666664,1.0,0.07999999999999999,0.9550000000000001,0.9550000000000001
GABA-33-Prlr-St18,cluster,1290 MEA-BST Lhx6 Nfib Gaba_2,11,0.22916666666666666,1.0,0.37288135593220334,0.9600000000000001,0.98
GABA-33-Prlr-St18,cluster,1291 MEA-BST Lhx6 Nfib Gaba_2,5,0.10416666666666667,0.5555555555555556,0.1754385964912281,0.966,1.0
GABA-33-Prlr-St18,cluster,1292 MEA-BST Lhx6 Nfib Gaba_2,5,0.10416666666666667,1.0,0.18867924528301885,0.986,1.0
GABA-33-Prlr-St18,cluster,1293 MEA-BST Lhx6 Nfib Gaba_2,15,0.3125,1.0,0.47619047619047616,0.9826666666666667,1.0
GABA-33-Prlr-St18,cluster,1295 MEA-BST Lhx6 Nfib Gaba_2,4,0.08333333333333333,1.0,0.15384615384615385,0.935,0.9299999999999999
GABA-33-Prlr-St18,cluster,1314 MEA-BST Lhx6 Nfib Gaba_6,4,0.08333333333333333,0.6666666666666666,0.14814814814814814,1.0,1.0
GABA-34-Prlr-Satb1,cluster,1280 MEA-BST Lhx6 Nr2e1 Gaba_3,1,0.16666666666666666,0.041666666666666664,0.06666666666666667,1.0,1.0
GABA-34-Prlr-Satb1,cluster,1281 MEA-BST Lhx6 Nfib Gaba_1,5,0.8333333333333334,0.8333333333333334,0.8333333333333334,1.0,1.0
GABA-35-Chodl-Moxd1,cluster,0765 Sst Gaba_2,1,0.07692307692307693,0.07692307692307693,0.07692307692307693,1.0,1.0
GABA-35-Chodl-Moxd1,cluster,0829 STR Prox1 Lhx6 Gaba_1,1,0.07692307692307693,0.3333333333333333,0.125,1.0,1.0
GABA-35-Chodl-Moxd1,cluster,1311 MEA-BST Lhx6 Nfib Gaba_6,3,0.23076923076923078,1.0,0.375,0.9833333333333334,0.99
GABA-35-Chodl-Moxd1,cluster,1312 MEA-BST Lhx6 Nfib Gaba_6,7,0.5384615384615384,1.0,0.7000000000000001,1.0,1.0
GABA-35-Chodl-Moxd1,cluster,1314 MEA-BST Lhx6 Nfib Gaba_6,1,0.07692307692307693,0.16666666666666666,0.10526315789473684,1.0,1.0
GABA-36-Sst-Fign,cluster,0765 Sst Gaba_2,4,0.17391304347826086,0.3076923076923077,0.2222222222222222,1.0,1.0
GABA-36-Sst-Fign,cluster,0766 Sst Gaba_2,1,0.043478260869565216,1.0,0.08333333333333333,1.0,1.0
GABA-36-Sst-Fign,cluster,0811 Sst Gaba_13,1,0.043478260869565216,0.5,0.08,0.99,0.99
GABA-36-Sst-Fign,cluster,0858 Sst Chodl Gaba_4,1,0.043478260869565216,0.3333333333333333,0.07692307692307691,1.0,1.0
GABA-36-Sst-Fign,cluster,1280 MEA-BST Lhx6 Nr2e1 Gaba_3,16,0.6956521739130435,0.6666666666666666,0.6808510638297872,1.0,1.0
GABA-37-Sst-Npy,cluster,0845 Sst Chodl Gaba_1,2,0.125,1.0,0.2222222222222222,0.99,0.99
GABA-37-Sst-Npy,cluster,0849 Sst Chodl Gaba_2,1,0.0625,1.0,0.11764705882352941,0.84,0.84
GABA-37-Sst-Npy,cluster,0850 Sst Chodl Gaba_2,2,0.125,1.0,0.2222222222222222,0.9550000000000001,0.9550000000000001
GABA-37-Sst-Npy,cluster,0852 Sst Chodl Gaba_2,1,0.0625,1.0,0.11764705882352941,0.99,0.99
GABA-37-Sst-Npy,cluster,0856 Sst Chodl Gaba_3,1,0.0625,1.0,0.11764705882352941,1.0,1.0
GABA-37-Sst-Npy,cluster,0858 Sst Chodl Gaba_4,2,0.125,0.6666666666666666,0.21052631578947367,0.975,0.975
GABA-37-Sst-Npy,cluster,0859 Sst Chodl Gaba_4,4,0.25,1.0,0.4,1.0,1.0
GABA-37-Sst-Npy,cluster,0860 Sst Chodl Gaba_5,1,0.0625,1.0,0.11764705882352941,1.0,1.0
GABA-37-Sst-Npy,cluster,0862 Sst Chodl Gaba_6,1,0.0625,1.0,0.11764705882352941,1.0,1.0
GABA-37-Sst-Npy,cluster,1026 IA Mgp Gaba_5,1,0.0625,0.5,0.1111111111111111,1.0,1.0
GABA-38-Sst-Tmtc4,cluster,0762 Sst Gaba_2,1,0.024390243902439025,1.0,0.047619047619047616,0.99,0.99
GABA-38-Sst-Tmtc4,cluster,0763 Sst Gaba_2,5,0.12195121951219512,1.0,0.21739130434782605,0.9800000000000001,0.99
GABA-38-Sst-Tmtc4,cluster,0764 Sst Gaba_2,19,0.4634146341463415,1.0,0.6333333333333334,0.9478947368421053,0.97
GABA-38-Sst-Tmtc4,cluster,0765 Sst Gaba_2,8,0.1951219512195122,0.6153846153846154,0.29629629629629634,0.91125,0.905
GABA-38-Sst-Tmtc4,cluster,0822 Sst Gaba_17,1,0.024390243902439025,0.125,0.04081632653061225,0.98,0.98
GABA-38-Sst-Tmtc4,cluster,0823 Sst Gaba_17,2,0.04878048780487805,0.125,0.07017543859649124,0.935,0.935
GABA-38-Sst-Tmtc4,cluster,0825 Sst Gaba_18,2,0.04878048780487805,1.0,0.09302325581395349,1.0,1.0
GABA-38-Sst-Tmtc4,cluster,0826 Sst Gaba_18,1,0.024390243902439025,0.5,0.046511627906976744,1.0,1.0
GABA-38-Sst-Tmtc4,cluster,0861 Sst Chodl Gaba_5,1,0.024390243902439025,1.0,0.047619047619047616,1.0,1.0
GABA-38-Sst-Tmtc4,cluster,1314 MEA-BST Lhx6 Nfib Gaba_6,1,0.024390243902439025,0.16666666666666666,0.0425531914893617,1.0,1.0
GABA-39-Sst-Nek7,cluster,0823 Sst Gaba_17,8,0.6153846153846154,0.5,0.5517241379310345,1.0,1.0
GABA-39-Sst-Nek7,cluster,0837 STR Prox1 Lhx6 Gaba_3,5,0.38461538461538464,0.8333333333333334,0.5263157894736842,1.0,1.0
GABA-4-Foxp2_Htr1f,cluster,1014 STR-PAL Chst9 Gaba_5,1,0.1111111111111111,0.14285714285714285,0.125,0.96,0.96
GABA-4-Foxp2_Htr1f,cluster,1015 STR-PAL Chst9 Gaba_5,8,0.8888888888888888,0.5714285714285714,0.6956521739130435,0.95,0.965
GABA-40-Rpb4-Sst,cluster,0738 Pvalb Gaba_2,1,0.041666666666666664,0.038461538461538464,0.04,1.0,1.0
GABA-40-Rpb4-Sst,cluster,0745 Pvalb Gaba_4,7,0.2916666666666667,1.0,0.45161290322580644,1.0,1.0
GABA-40-Rpb4-Sst,cluster,0748 Pvalb Gaba_5,6,0.25,0.6666666666666666,0.36363636363636365,1.0,1.0
GABA-40-Rpb4-Sst,cluster,0749 Pvalb Gaba_5,1,0.041666666666666664,1.0,0.07999999999999999,1.0,1.0
GABA-40-Rpb4-Sst,cluster,0750 Pvalb Gaba_5,2,0.08333333333333333,0.6666666666666666,0.14814814814814814,0.995,0.995
GABA-40-Rpb4-Sst,cluster,0789 Sst Gaba_6,1,0.041666666666666664,1.0,0.07999999999999999,0.81,0.81
GABA-40-Rpb4-Sst,cluster,0808 Sst Gaba_12,1,0.041666666666666664,1.0,0.07999999999999999,1.0,1.0
GABA-40-Rpb4-Sst,cluster,0811 Sst Gaba_13,1,0.041666666666666664,0.5,0.07692307692307693,1.0,1.0
GABA-40-Rpb4-Sst,cluster,0812 Sst Gaba_14,1,0.041666666666666664,1.0,0.07999999999999999,1.0,1.0
GABA-40-Rpb4-Sst,cluster,0814 Sst Gaba_14,1,0.041666666666666664,1.0,0.07999999999999999,1.0,1.0
GABA-40-Rpb4-Sst,cluster,0823 Sst Gaba_17,1,0.041666666666666664,0.0625,0.05,0.99,0.99
GABA-40-Rpb4-Sst,cluster,0826 Sst Gaba_18,1,0.041666666666666664,0.5,0.07692307692307693,1.0,1.0
GABA-41-Moxd1-Pvalb,cluster,0738 Pvalb Gaba_2,25,0.5952380952380952,0.9615384615384616,0.7352941176470588,0.9932,1.0
GABA-41-Moxd1-Pvalb,cluster,0742 Pvalb Gaba_3,1,0.023809523809523808,1.0,0.046511627906976744,1.0,1.0
GABA-41-Moxd1-Pvalb,cluster,0748 Pvalb Gaba_5,3,0.07142857142857142,0.3333333333333333,0.11764705882352941,0.9533333333333333,1.0
GABA-41-Moxd1-Pvalb,cluster,0750 Pvalb Gaba_5,1,0.023809523809523808,0.3333333333333333,0.044444444444444446,1.0,1.0
GABA-41-Moxd1-Pvalb,cluster,0822 Sst Gaba_17,7,0.16666666666666666,0.875,0.27999999999999997,0.9828571428571429,1.0
GABA-41-Moxd1-Pvalb,cluster,0823 Sst Gaba_17,5,0.11904761904761904,0.3125,0.17241379310344826,0.954,0.99
GABA-42-Moxd1-Vwc2,cluster,0829 STR Prox1 Lhx6 Gaba_1,2,0.08695652173913043,0.6666666666666666,0.15384615384615383,1.0,1.0
GABA-42-Moxd1-Vwc2,cluster,0830 STR Prox1 Lhx6 Gaba_1,1,0.043478260869565216,0.5,0.08,0.99,0.99
GABA-42-Moxd1-Vwc2,cluster,0832 STR Prox1 Lhx6 Gaba_1,16,0.6956521739130435,0.9411764705882353,0.7999999999999999,0.980625,1.0
GABA-42-Moxd1-Vwc2,cluster,0837 STR Prox1 Lhx6 Gaba_3,1,0.043478260869565216,0.16666666666666666,0.06896551724137931,1.0,1.0
GABA-42-Moxd1-Vwc2,cluster,0838 STR Prox1 Lhx6 Gaba_3,3,0.13043478260869565,1.0,0.23076923076923078,1.0,1.0
GABA-43-Crabp1-Etv1,cluster,0832 STR Prox1 Lhx6 Gaba_1,1,0.03225806451612903,0.058823529411764705,0.041666666666666664,1.0,1.0
GABA-43-Crabp1-Etv1,cluster,0833 STR Prox1 Lhx6 Gaba_2,20,0.6451612903225806,1.0,0.7843137254901961,0.982,1.0
GABA-43-Crabp1-Etv1,cluster,0835 STR Prox1 Lhx6 Gaba_2,6,0.1935483870967742,1.0,0.3243243243243243,1.0,1.0
GABA-43-Crabp1-Etv1,cluster,0844 STR Lhx8 Gaba_2,4,0.12903225806451613,1.0,0.2285714285714286,1.0,1.0
GABA-44-Pthlh-Pvalb,cluster,0657 Vip Gaba_9,1,0.011904761904761904,0.3333333333333333,0.022988505747126436,0.99,0.99
GABA-44-Pthlh-Pvalb,cluster,0733 Pvalb chandelier Gaba_1,83,0.9880952380952381,1.0,0.9940119760479043,0.9938554216867469,1.0
GABA-45-Lamp5-Hctr2,cluster,0724 Lamp5 Lhx6 Gaba_1,3,0.2727272727272727,1.0,0.42857142857142855,0.9733333333333333,0.98
GABA-45-Lamp5-Hctr2,cluster,0729 Lamp5 Lhx6 Gaba_1,1,0.09090909090909091,1.0,0.16666666666666669,1.0,1.0
GABA-45-Lamp5-Hctr2,cluster,0731 Lamp5 Lhx6 Gaba_1,7,0.6363636363636364,1.0,0.7777777777777778,0.9914285714285713,1.0
GABA-46-Lamp5-Kit,cluster,0708 Lamp5 Gaba_1,4,0.045454545454545456,1.0,0.08695652173913045,0.91,0.915
GABA-46-Lamp5-Kit,cluster,0709 Lamp5 Gaba_1,5,0.056818181818181816,1.0,0.1075268817204301,0.916,0.94
GABA-46-Lamp5-Kit,cluster,0710 Lamp5 Gaba_1,35,0.3977272727272727,1.0,0.5691056910569106,0.9202857142857143,0.93
GABA-46-Lamp5-Kit,cluster,0711 Lamp5 Gaba_1,22,0.25,1.0,0.4,0.9290909090909092,0.945
GABA-46-Lamp5-Kit,cluster,0712 Lamp5 Gaba_1,3,0.03409090909090909,1.0,0.06593406593406592,0.96,1.0
GABA-46-Lamp5-Kit,cluster,0713 Lamp5 Gaba_1,19,0.2159090909090909,0.95,0.35185185185185186,0.9336842105263159,0.93
GABA-47-Reln-Ndnf,cluster,0659 Vip Gaba_10,1,0.0196078431372549,0.5,0.03773584905660377,1.0,1.0
GABA-47-Reln-Ndnf,cluster,0690 RHP-COA Ndnf Gaba_2,19,0.37254901960784315,0.9047619047619048,0.5277777777777779,0.961578947368421,0.99
GABA-47-Reln-Ndnf,cluster,0691 RHP-COA Ndnf Gaba_2,8,0.1568627450980392,1.0,0.2711864406779661,0.97875,1.0
GABA-47-Reln-Ndnf,cluster,0692 RHP-COA Ndnf Gaba_2,6,0.11764705882352941,1.0,0.21052631578947367,1.0,1.0
GABA-47-Reln-Ndnf,cluster,0693 RHP-COA Ndnf Gaba_3,6,0.11764705882352941,1.0,0.21052631578947367,0.9916666666666667,1.0
GABA-47-Reln-Ndnf,cluster,0694 RHP-COA Ndnf Gaba_3,2,0.0392156862745098,1.0,0.07547169811320754,1.0,1.0
GABA-47-Reln-Ndnf,cluster,0695 RHP-COA Ndnf Gaba_3,1,0.0196078431372549,1.0,0.038461538461538464,1.0,1.0
GABA-47-Reln-Ndnf,cluster,0696 RHP-COA Ndnf Gaba_3,7,0.13725490196078433,0.875,0.23728813559322037,0.9785714285714285,1.0
GABA-47-Reln-Ndnf,cluster,0713 Lamp5 Gaba_1,1,0.0196078431372549,0.05,0.02816901408450704,1.0,1.0
GABA-48-Reln-Crim1,cluster,0696 RHP-COA Ndnf Gaba_3,1,0.01639344262295082,0.125,0.028985507246376815,0.97,0.97
GABA-48-Reln-Crim1,cluster,0723 Lamp5 Gaba_4,7,0.11475409836065574,1.0,0.2058823529411765,0.9985714285714286,1.0
GABA-48-Reln-Crim1,cluster,1025 IA Mgp Gaba_5,1,0.01639344262295082,1.0,0.03225806451612903,0.99,0.99
GABA-48-Reln-Crim1,cluster,1026 IA Mgp Gaba_5,1,0.01639344262295082,0.5,0.031746031746031744,0.97,0.97
GABA-48-Reln-Crim1,cluster,1189 MEA-BST Sox6 Gaba_1,7,0.11475409836065574,0.875,0.20289855072463767,0.9957142857142857,1.0
GABA-48-Reln-Crim1,cluster,1191 MEA-BST Sox6 Gaba_1,1,0.01639344262295082,0.5,0.031746031746031744,0.98,0.98
GABA-48-Reln-Crim1,cluster,1193 MEA-BST Sox6 Gaba_2,20,0.32786885245901637,1.0,0.49382716049382713,0.9925,1.0
GABA-48-Reln-Crim1,cluster,1194 MEA-BST Sox6 Gaba_2,10,0.16393442622950818,0.9090909090909091,0.27777777777777773,0.974,1.0
GABA-48-Reln-Crim1,cluster,1196 MEA-BST Sox6 Gaba_2,10,0.16393442622950818,1.0,0.28169014084507044,0.962,0.96
GABA-48-Reln-Crim1,cluster,1229 MEA-BST Sox6 Gaba_8,3,0.04918032786885246,1.0,0.09375,1.0,1.0
GABA-49-Npnt-Calca,cluster,1189 MEA-BST Sox6 Gaba_1,1,0.03571428571428571,0.125,0.05555555555555556,1.0,1.0
GABA-49-Npnt-Calca,cluster,1221 MEA-BST Sox6 Gaba_6,1,0.03571428571428571,1.0,0.0689655172413793,1.0,1.0
GABA-49-Npnt-Calca,cluster,1232 MEA-BST Sox6 Gaba_9,2,0.07142857142857142,1.0,0.13333333333333333,0.985,0.985
GABA-49-Npnt-Calca,cluster,1233 MEA-BST Sox6 Gaba_9,13,0.4642857142857143,1.0,0.6341463414634146,0.9815384615384615,1.0
GABA-49-Npnt-Calca,cluster,1234 MEA-BST Sox6 Gaba_9,5,0.17857142857142858,1.0,0.30303030303030304,0.982,0.99
GABA-49-Npnt-Calca,cluster,1236 MEA-BST Sox6 Gaba_10,2,0.07142857142857142,1.0,0.13333333333333333,1.0,1.0
GABA-49-Npnt-Calca,cluster,1237 MEA-BST Sox6 Gaba_10,4,0.14285714285714285,1.0,0.25,1.0,1.0
GABA-5-Pax6-Enpp2,cluster,1013 STR-PAL Chst9 Gaba_5,9,0.6,0.9,0.7200000000000001,0.9988888888888889,1.0
GABA-5-Pax6-Enpp2,cluster,1356 CEA-AAA-BST Six3 Sp9 Gaba_2,4,0.26666666666666666,0.5,0.3478260869565218,0.995,0.995
GABA-5-Pax6-Enpp2,cluster,1368 CEA-AAA-BST Six3 Sp9 Gaba_5,1,0.06666666666666667,1.0,0.125,1.0,1.0
GABA-5-Pax6-Enpp2,cluster,1372 CEA-AAA-BST Six3 Sp9 Gaba_8,1,0.06666666666666667,1.0,0.125,0.92,0.92
GABA-50-Chat-Vip,cluster,0640 Vip Gaba_5,1,0.14285714285714285,0.3333333333333333,0.2,0.93,0.93
GABA-50-Chat-Vip,cluster,0642 Vip Gaba_5,2,0.2857142857142857,0.4,0.3333333333333333,1.0,1.0
GABA-50-Chat-Vip,cluster,0925 PAL-STR Gaba-Chol_1,1,0.14285714285714285,1.0,0.25,0.93,0.93
GABA-50-Chat-Vip,cluster,0928 PAL-STR Gaba-Chol_1,1,0.14285714285714285,1.0,0.25,1.0,1.0
GABA-50-Chat-Vip,cluster,0929 PAL-STR Gaba-Chol_2,2,0.2857142857142857,1.0,0.4444444444444445,1.0,1.0
GABA-51-Vip-Crh,cluster,0628 Vip Gaba_2,13,0.37142857142857144,1.0,0.5416666666666666,0.9546153846153846,0.98
GABA-51-Vip-Crh,cluster,0630 Vip Gaba_2,4,0.11428571428571428,1.0,0.20512820512820512,0.9725,0.99
GABA-51-Vip-Crh,cluster,0633 Vip Gaba_3,1,0.02857142857142857,1.0,0.05555555555555556,0.95,0.95
GABA-51-Vip-Crh,cluster,0634 Vip Gaba_3,5,0.14285714285714285,1.0,0.25,1.0,1.0
GABA-51-Vip-Crh,cluster,0635 Vip Gaba_3,3,0.08571428571428572,1.0,0.15789473684210528,0.94,1.0
GABA-51-Vip-Crh,cluster,0636 Vip Gaba_4,3,0.08571428571428572,1.0,0.15789473684210528,0.9766666666666667,1.0
GABA-51-Vip-Crh,cluster,0640 Vip Gaba_5,2,0.05714285714285714,0.6666666666666666,0.10526315789473684,0.9099999999999999,0.9099999999999999
GABA-51-Vip-Crh,cluster,0642 Vip Gaba_5,3,0.08571428571428572,0.6,0.15,0.9333333333333335,0.91
GABA-51-Vip-Crh,cluster,0651 Vip Gaba_7,1,0.02857142857142857,1.0,0.05555555555555556,1.0,1.0
GABA-52-Calb2-Rgs12,cluster,0656 Vip Gaba_9,1,1.0,1.0,1.0,0.81,0.81
GABA-53-Htr3a-Kcnc2,cluster,0625 Vip Gaba_1,22,0.55,1.0,0.7096774193548387,0.9990909090909091,1.0
GABA-53-Htr3a-Kcnc2,cluster,0657 Vip Gaba_9,2,0.05,0.6666666666666666,0.09302325581395349,1.0,1.0
GABA-53-Htr3a-Kcnc2,cluster,0658 Vip Gaba_10,13,0.325,1.0,0.4905660377358491,0.9938461538461538,1.0
GABA-53-Htr3a-Kcnc2,cluster,0659 Vip Gaba_10,1,0.025,0.5,0.047619047619047616,0.87,0.87
GABA-53-Htr3a-Kcnc2,cluster,0690 RHP-COA Ndnf Gaba_2,2,0.05,0.09523809523809523,0.0655737704918033,0.94,0.94
GABA-54-Scng-Kcnc2,cluster,0664 Sncg Gaba_1,1,0.03333333333333333,0.5,0.0625,1.0,1.0
GABA-54-Scng-Kcnc2,cluster,0666 Sncg Gaba_1,2,0.06666666666666667,0.2857142857142857,0.10810810810810811,0.995,0.995
GABA-54-Scng-Kcnc2,cluster,0668 Sncg Gaba_1,6,0.2,0.6666666666666666,0.30769230769230765,0.9683333333333334,1.0
GABA-54-Scng-Kcnc2,cluster,0672 Sncg Gaba_3,1,0.03333333333333333,0.2,0.05714285714285715,0.87,0.87
GABA-54-Scng-Kcnc2,cluster,0674 Sncg Gaba_3,5,0.16666666666666666,1.0,0.2857142857142857,0.9560000000000001,1.0
GABA-54-Scng-Kcnc2,cluster,0675 Sncg Gaba_3,3,0.1,1.0,0.18181818181818182,0.9933333333333333,0.99
GABA-54-Scng-Kcnc2,cluster,0676 Sncg Gaba_3,4,0.13333333333333333,1.0,0.23529411764705882,0.935,0.935
GABA-54-Scng-Kcnc2,cluster,0677 Sncg Gaba_3,5,0.16666666666666666,0.625,0.2631578947368421,0.95,0.95
GABA-54-Scng-Kcnc2,cluster,0685 Sncg Gaba_8,2,0.06666666666666667,1.0,0.125,0.99,0.99
GABA-54-Scng-Kcnc2,cluster,0721 Lamp5 Gaba_3,1,0.03333333333333333,1.0,0.06451612903225806,0.99,0.99
GABA-55-Sncg-Vip,cluster,0664 Sncg Gaba_1,1,0.07142857142857142,0.5,0.125,0.99,0.99
GABA-55-Sncg-Vip,cluster,0666 Sncg Gaba_1,1,0.07142857142857142,0.14285714285714285,0.09523809523809523,0.99,0.99
GABA-55-Sncg-Vip,cluster,0670 Sncg Gaba_2,1,0.07142857142857142,1.0,0.13333333333333333,0.99,0.99
GABA-55-Sncg-Vip,cluster,0672 Sncg Gaba_3,4,0.2857142857142857,0.8,0.4210526315789473,0.9975,1.0
GABA-55-Sncg-Vip,cluster,0677 Sncg Gaba_3,3,0.21428571428571427,0.375,0.2727272727272727,0.9333333333333335,0.93
GABA-55-Sncg-Vip,cluster,0680 Sncg Gaba_5,1,0.07142857142857142,1.0,0.13333333333333333,1.0,1.0
GABA-55-Sncg-Vip,cluster,0682 Sncg Gaba_6,3,0.21428571428571427,1.0,0.35294117647058826,1.0,1.0
GABA-56-Sncg-Krt73,cluster,0665 Sncg Gaba_1,9,0.24324324324324326,1.0,0.391304347826087,0.9944444444444444,1.0
GABA-56-Sncg-Krt73,cluster,0666 Sncg Gaba_1,4,0.10810810810810811,0.5714285714285714,0.18181818181818182,0.9725,0.985
GABA-56-Sncg-Krt73,cluster,0668 Sncg Gaba_1,3,0.08108108108108109,0.3333333333333333,0.13043478260869568,0.98,0.99
GABA-56-Sncg-Krt73,cluster,0678 Sncg Gaba_4,18,0.4864864864864865,1.0,0.6545454545454547,1.0,1.0
GABA-56-Sncg-Krt73,cluster,0681 Sncg Gaba_5,2,0.05405405405405406,1.0,0.10256410256410257,1.0,1.0
GABA-56-Sncg-Krt73,cluster,0700 RHP-COA Ndnf Gaba_5,1,0.02702702702702703,1.0,0.052631578947368425,1.0,1.0
GABA-6-Pax6-Th,cluster,0978 STR D2 Gaba_3,1,0.011494252873563218,0.2,0.021739130434782608,1.0,1.0
GABA-6-Pax6-Th,cluster,1028 NDB-SI-ant Prdm12 Gaba_1,1,0.011494252873563218,1.0,0.022727272727272724,1.0,1.0
GABA-6-Pax6-Th,cluster,1033 NDB-SI-ant Prdm12 Gaba_1,7,0.08045977011494253,1.0,0.14893617021276595,1.0,1.0
GABA-6-Pax6-Th,cluster,1037 NDB-SI-ant Prdm12 Gaba_1,2,0.022988505747126436,1.0,0.0449438202247191,1.0,1.0
GABA-6-Pax6-Th,cluster,1040 NDB-SI-ant Prdm12 Gaba_3,1,0.011494252873563218,1.0,0.022727272727272724,1.0,1.0
GABA-6-Pax6-Th,cluster,1327 CEA-BST Six3 Cyp26b1 Gaba_1,1,0.011494252873563218,1.0,0.022727272727272724,1.0,1.0
GABA-6-Pax6-Th,cluster,1330 CEA-BST Six3 Cyp26b1 Gaba_1,1,0.011494252873563218,0.5,0.02247191011235955,1.0,1.0
GABA-6-Pax6-Th,cluster,1354 CEA-AAA-BST Six3 Sp9 Gaba_2,2,0.022988505747126436,1.0,0.0449438202247191,0.8999999999999999,0.8999999999999999
GABA-6-Pax6-Th,cluster,1355 CEA-AAA-BST Six3 Sp9 Gaba_2,21,0.2413793103448276,1.0,0.3888888888888889,0.9742857142857143,1.0
GABA-6-Pax6-Th,cluster,1356 CEA-AAA-BST Six3 Sp9 Gaba_2,4,0.04597701149425287,0.5,0.08421052631578949,1.0,1.0
GABA-6-Pax6-Th,cluster,1357 CEA-AAA-BST Six3 Sp9 Gaba_2,1,0.011494252873563218,1.0,0.022727272727272724,1.0,1.0
GABA-6-Pax6-Th,cluster,1358 CEA-AAA-BST Six3 Sp9 Gaba_2,3,0.034482758620689655,1.0,0.06666666666666667,0.9899999999999999,1.0
GABA-6-Pax6-Th,cluster,1359 CEA-AAA-BST Six3 Sp9 Gaba_2,7,0.08045977011494253,1.0,0.14893617021276595,1.0,1.0
GABA-6-Pax6-Th,cluster,1363 CEA-AAA-BST Six3 Sp9 Gaba_4,18,0.20689655172413793,1.0,0.34285714285714286,0.9888888888888889,1.0
GABA-6-Pax6-Th,cluster,1364 CEA-AAA-BST Six3 Sp9 Gaba_4,5,0.05747126436781609,1.0,0.10869565217391304,1.0,1.0
GABA-6-Pax6-Th,cluster,1367 CEA-AAA-BST Six3 Sp9 Gaba_4,5,0.05747126436781609,0.8333333333333334,0.1075268817204301,0.992,1.0
GABA-6-Pax6-Th,cluster,1369 CEA-AAA-BST Six3 Sp9 Gaba_6,6,0.06896551724137931,1.0,0.12903225806451613,1.0,1.0
GABA-6-Pax6-Th,cluster,1404 CEA-BST Ebf1 Pdyn Gaba_7,1,0.011494252873563218,0.3333333333333333,0.022222222222222223,1.0,1.0
GABA-7-Pax6-Cyp26a1,cluster,0989 STR D2 Gaba_7,1,0.047619047619047616,1.0,0.0909090909090909,1.0,1.0
GABA-7-Pax6-Cyp26a1,cluster,1330 CEA-BST Six3 Cyp26b1 Gaba_1,1,0.047619047619047616,0.5,0.08695652173913042,1.0,1.0
GABA-7-Pax6-Cyp26a1,cluster,1336 CEA-BST Six3 Cyp26b1 Gaba_3,1,0.047619047619047616,0.25,0.08,0.99,0.99
GABA-7-Pax6-Cyp26a1,cluster,1337 CEA-BST Six3 Cyp26b1 Gaba_3,5,0.23809523809523808,1.0,0.3846153846153846,0.96,0.99
GABA-7-Pax6-Cyp26a1,cluster,1338 CEA-BST Six3 Cyp26b1 Gaba_3,9,0.42857142857142855,1.0,0.6,0.9744444444444444,1.0
GABA-7-Pax6-Cyp26a1,cluster,1339 CEA-BST Six3 Cyp26b1 Gaba_3,1,0.047619047619047616,1.0,0.0909090909090909,0.86,0.86
GABA-7-Pax6-Cyp26a1,cluster,1346 CEA-BST Six3 Cyp26b1 Gaba_6,3,0.14285714285714285,1.0,0.25,1.0,1.0
GABA-8-Prkcd-Oprk1,cluster,1332 CEA-BST Six3 Cyp26b1 Gaba_2,16,0.2222222222222222,0.15841584158415842,0.18497109826589594,0.975625,1.0
GABA-8-Prkcd-Oprk1,cluster,1333 CEA-BST Six3 Cyp26b1 Gaba_2,7,0.09722222222222222,0.3333333333333333,0.15053763440860216,0.972857142857143,1.0
GABA-8-Prkcd-Oprk1,cluster,1340 CEA-BST Six3 Cyp26b1 Gaba_4,38,0.5277777777777778,1.0,0.6909090909090909,0.9831578947368421,1.0
GABA-8-Prkcd-Oprk1,cluster,1341 CEA-BST Six3 Cyp26b1 Gaba_4,9,0.125,1.0,0.2222222222222222,0.9777777777777779,1.0
GABA-8-Prkcd-Oprk1,cluster,1342 CEA-BST Six3 Cyp26b1 Gaba_4,1,0.013888888888888888,1.0,0.0273972602739726,1.0,1.0
GABA-8-Prkcd-Oprk1,cluster,1360 CEA-AAA-BST Six3 Sp9 Gaba_3,1,0.013888888888888888,0.5,0.02702702702702703,1.0,1.0
GABA-9-Prkcd-Ezr,cluster,1332 CEA-BST Six3 Cyp26b1 Gaba_2,85,0.6296296296296297,0.8415841584158416,0.7203389830508474,0.9755294117647059,1.0
GABA-9-Prkcd-Ezr,cluster,1333 CEA-BST Six3 Cyp26b1 Gaba_2,10,0.07407407407407407,0.47619047619047616,0.1282051282051282,0.976,0.995
GABA-9-Prkcd-Ezr,cluster,1334 CEA-BST Six3 Cyp26b1 Gaba_2,39,0.28888888888888886,1.0,0.4482758620689655,0.9646153846153845,1.0
GABA-9-Prkcd-Ezr,cluster,1335 CEA-BST Six3 Cyp26b1 Gaba_2,1,0.007407407407407408,1.0,0.014705882352941178,0.94,0.94
VGLUT1-1-Zic4_Trp73,cluster,0193 MEA Slc17a7 Glut_1,1,0.14285714285714285,0.011494252873563218,0.021276595744680854,0.99,0.99
VGLUT1-1-Zic4_Trp73,cluster,0217 COAp Grxcr2 Glut_2,1,0.14285714285714285,0.005025125628140704,0.009708737864077669,1.0,1.0
VGLUT1-1-Zic4_Trp73,cluster,0234 LA-BLA-BMA-PA Glut_2,1,0.14285714285714285,0.08333333333333333,0.10526315789473685,0.94,0.94
VGLUT1-1-Zic4_Trp73,cluster,0245 LA-BLA-BMA-PA Glut_5,2,0.2857142857142857,0.010101010101010102,0.01951219512195122,0.94,0.94
VGLUT1-1-Zic4_Trp73,cluster,0250 LA-BLA-BMA-PA Glut_6,1,0.14285714285714285,0.02631578947368421,0.044444444444444446,1.0,1.0
VGLUT1-1-Zic4_Trp73,cluster,0402 NLOT Rho Glut_1,1,0.14285714285714285,0.006211180124223602,0.011904761904761904,1.0,1.0
VGLUT1-10-Ermn_Mpped1,cluster,0007 IT EP-CLA Glut_1,1,0.012987012987012988,0.16666666666666666,0.024096385542168676,1.0,1.0
VGLUT1-10-Ermn_Mpped1,cluster,0014 IT EP-CLA Glut_2,1,0.012987012987012988,1.0,0.025641025641025647,1.0,1.0
VGLUT1-10-Ermn_Mpped1,cluster,0230 LA-BLA-BMA-PA Glut_2,72,0.935064935064935,1.0,0.9664429530201343,0.9948611111111111,1.0
VGLUT1-10-Ermn_Mpped1,cluster,0233 LA-BLA-BMA-PA Glut_2,1,0.012987012987012988,0.024390243902439025,0.016949152542372885,1.0,1.0
VGLUT1-10-Ermn_Mpped1,cluster,0234 LA-BLA-BMA-PA Glut_2,2,0.025974025974025976,0.16666666666666666,0.0449438202247191,0.985,0.985
VGLUT1-11-Cd36_Calb2,cluster,0162 L2/3 IT PIR-ENTl Glut_6,2,0.021052631578947368,0.6666666666666666,0.04081632653061225,1.0,1.0
VGLUT1-11-Cd36_Calb2,cluster,0221 LA-BLA-BMA-PA Glut_1,1,0.010526315789473684,0.07142857142857142,0.018348623853211007,1.0,1.0
VGLUT1-11-Cd36_Calb2,cluster,0231 LA-BLA-BMA-PA Glut_2,41,0.43157894736842106,0.9761904761904762,0.5985401459854014,0.9451219512195121,0.97
VGLUT1-11-Cd36_Calb2,cluster,0232 LA-BLA-BMA-PA Glut_2,3,0.031578947368421054,0.375,0.05825242718446602,0.9933333333333333,1.0
VGLUT1-11-Cd36_Calb2,cluster,0233 LA-BLA-BMA-PA Glut_2,39,0.4105263157894737,0.9512195121951219,0.573529411764706,0.98,1.0
VGLUT1-11-Cd36_Calb2,cluster,0234 LA-BLA-BMA-PA Glut_2,9,0.09473684210526316,0.75,0.16822429906542058,0.9577777777777777,1.0
VGLUT1-12-Gpr101_Grem1,cluster,0192 MEA Slc17a7 Glut_1,9,0.1125,0.225,0.15,0.9844444444444443,1.0
VGLUT1-12-Gpr101_Grem1,cluster,0222 LA-BLA-BMA-PA Glut_1,1,0.0125,0.041666666666666664,0.01923076923076923,0.9,0.9
VGLUT1-12-Gpr101_Grem1,cluster,0223 LA-BLA-BMA-PA Glut_1,38,0.475,0.8837209302325582,0.6178861788617886,0.9786842105263157,1.0
VGLUT1-12-Gpr101_Grem1,cluster,0224 LA-BLA-BMA-PA Glut_1,9,0.1125,0.75,0.1956521739130435,0.9777777777777779,1.0
VGLUT1-12-Gpr101_Grem1,cluster,0225 LA-BLA-BMA-PA Glut_1,2,0.025,0.4,0.04705882352941177,0.955,0.955
VGLUT1-12-Gpr101_Grem1,cluster,0226 LA-BLA-BMA-PA Glut_1,2,0.025,1.0,0.04878048780487806,1.0,1.0
VGLUT1-12-Gpr101_Grem1,cluster,0228 LA-BLA-BMA-PA Glut_1,18,0.225,0.72,0.34285714285714286,0.9650000000000001,0.995
VGLUT1-12-Gpr101_Grem1,cluster,0253 ENTmv-PA-COAp Glut_1,1,0.0125,1.0,0.02469135802469136,1.0,1.0
VGLUT1-13-Dcn_C1ql2,cluster,0219 COAp Grxcr2 Glut_2,1,0.014285714285714285,0.01282051282051282,0.013513513513513513,1.0,1.0
VGLUT1-13-Dcn_C1ql2,cluster,0222 LA-BLA-BMA-PA Glut_1,20,0.2857142857142857,0.8333333333333334,0.42553191489361697,0.9744999999999999,1.0
VGLUT1-13-Dcn_C1ql2,cluster,0223 LA-BLA-BMA-PA Glut_1,5,0.07142857142857142,0.11627906976744186,0.08849557522123892,0.9359999999999999,0.96
VGLUT1-13-Dcn_C1ql2,cluster,0224 LA-BLA-BMA-PA Glut_1,1,0.014285714285714285,0.08333333333333333,0.024390243902439022,0.88,0.88
VGLUT1-13-Dcn_C1ql2,cluster,0225 LA-BLA-BMA-PA Glut_1,3,0.04285714285714286,0.6,0.08,0.9466666666666667,1.0
VGLUT1-13-Dcn_C1ql2,cluster,0229 LA-BLA-BMA-PA Glut_1,35,0.5,1.0,0.6666666666666666,0.9825714285714285,1.0
VGLUT1-13-Dcn_C1ql2,cluster,0233 LA-BLA-BMA-PA Glut_2,1,0.014285714285714285,0.024390243902439025,0.018018018018018018,0.99,0.99
VGLUT1-13-Dcn_C1ql2,cluster,0241 LA-BLA-BMA-PA Glut_4,1,0.014285714285714285,0.030303030303030304,0.01941747572815534,0.9,0.9
VGLUT1-13-Dcn_C1ql2,cluster,0252 ENTmv-PA-COAp Glut_1,2,0.02857142857142857,1.0,0.05555555555555556,0.9650000000000001,0.9650000000000001
VGLUT1-13-Dcn_C1ql2,cluster,0258 ENTmv-PA-COAp Glut_2,1,0.014285714285714285,1.0,0.028169014084507043,1.0,1.0
VGLUT1-14-Cartpt_Fam46a,cluster,0232 LA-BLA-BMA-PA Glut_2,3,0.42857142857142855,0.375,0.39999999999999997,1.0,1.0
VGLUT1-14-Cartpt_Fam46a,cluster,0241 LA-BLA-BMA-PA Glut_4,2,0.2857142857142857,0.06060606060606061,0.1,1.0,1.0
VGLUT1-14-Cartpt_Fam46a,cluster,0246 LA-BLA-BMA-PA Glut_5,2,0.2857142857142857,0.4,0.3333333333333333,1.0,1.0
VGLUT1-15-Fmo1_Rxfp3,cluster,0215 COAp Grxcr2 Glut_1,1,0.01282051282051282,0.05555555555555555,0.020833333333333332,1.0,1.0
VGLUT1-15-Fmo1_Rxfp3,cluster,0221 LA-BLA-BMA-PA Glut_1,13,0.16666666666666666,0.9285714285714286,0.2826086956521739,0.9823076923076923,1.0
VGLUT1-15-Fmo1_Rxfp3,cluster,0222 LA-BLA-BMA-PA Glut_1,1,0.01282051282051282,0.041666666666666664,0.019607843137254898,0.99,0.99
VGLUT1-15-Fmo1_Rxfp3,cluster,0241 LA-BLA-BMA-PA Glut_4,29,0.3717948717948718,0.8787878787878788,0.5225225225225225,0.9768965517241379,1.0
VGLUT1-15-Fmo1_Rxfp3,cluster,0242 LA-BLA-BMA-PA Glut_4,29,0.3717948717948718,1.0,0.5420560747663552,0.9727586206896552,1.0
VGLUT1-15-Fmo1_Rxfp3,cluster,0243 LA-BLA-BMA-PA Glut_4,5,0.0641025641025641,0.8333333333333334,0.11904761904761904,1.0,1.0
VGLUT1-16-Fbln1_Il33,cluster,0201 MEA Slc17a7 Glut_2,1,0.06666666666666667,0.14285714285714285,0.09090909090909091,0.99,0.99
VGLUT1-16-Fbln1_Il33,cluster,0228 LA-BLA-BMA-PA Glut_1,1,0.06666666666666667,0.04,0.05,0.94,0.94
VGLUT1-16-Fbln1_Il33,cluster,0236 LA-BLA-BMA-PA Glut_3,1,0.06666666666666667,0.022222222222222223,0.03333333333333333,0.97,0.97
VGLUT1-16-Fbln1_Il33,cluster,0245 LA-BLA-BMA-PA Glut_5,1,0.06666666666666667,0.005050505050505051,0.009389671361502348,0.89,0.89
VGLUT1-16-Fbln1_Il33,cluster,0255 ENTmv-PA-COAp Glut_1,1,0.06666666666666667,1.0,0.125,0.99,0.99
VGLUT1-16-Fbln1_Il33,cluster,0502 DG Glut_1,5,0.3333333333333333,1.0,0.5,0.992,0.99
VGLUT1-16-Fbln1_Il33,cluster,0503 DG Glut_1,4,0.26666666666666666,1.0,0.4210526315789474,0.9025,0.925
VGLUT1-16-Fbln1_Il33,cluster,0504 DG Glut_1,1,0.06666666666666667,1.0,0.125,0.97,0.97
VGLUT1-17-Eps8_Cd44,cluster,0243 LA-BLA-BMA-PA Glut_4,1,0.047619047619047616,0.16666666666666666,0.07407407407407407,1.0,1.0
VGLUT1-17-Eps8_Cd44,cluster,0244 LA-BLA-BMA-PA Glut_4,1,0.047619047619047616,0.012987012987012988,0.020408163265306124,1.0,1.0
VGLUT1-17-Eps8_Cd44,cluster,0302 CA3 Glut_2,9,0.42857142857142855,1.0,0.6,0.9966666666666667,1.0
VGLUT1-17-Eps8_Cd44,cluster,0303 CA3 Glut_2,9,0.42857142857142855,1.0,0.6,0.9688888888888889,1.0
VGLUT1-17-Eps8_Cd44,cluster,0305 CA3 Glut_2,1,0.047619047619047616,1.0,0.0909090909090909,0.83,0.83
VGLUT1-18-Fibcd1_Vit,cluster,0192 MEA Slc17a7 Glut_1,20,0.8695652173913043,0.5,0.634920634920635,0.9890000000000001,1.0
VGLUT1-18-Fibcd1_Vit,cluster,0196 MEA Slc17a7 Glut_1,1,0.043478260869565216,0.03125,0.03636363636363636,0.91,0.91
VGLUT1-18-Fibcd1_Vit,cluster,0245 LA-BLA-BMA-PA Glut_5,2,0.08695652173913043,0.010101010101010102,0.01809954751131222,0.995,0.995
VGLUT1-19-Car12_Celsr1,cluster,0192 MEA Slc17a7 Glut_1,10,0.04524886877828054,0.25,0.07662835249042145,0.966,0.995
VGLUT1-19-Car12_Celsr1,cluster,0193 MEA Slc17a7 Glut_1,85,0.38461538461538464,0.9770114942528736,0.551948051948052,0.982,1.0
VGLUT1-19-Car12_Celsr1,cluster,0194 MEA Slc17a7 Glut_1,6,0.027149321266968326,0.46153846153846156,0.05128205128205128,0.9216666666666667,0.915
VGLUT1-19-Car12_Celsr1,cluster,0195 MEA Slc17a7 Glut_1,51,0.23076923076923078,0.9807692307692307,0.37362637362637363,0.9662745098039216,0.99
VGLUT1-19-Car12_Celsr1,cluster,0196 MEA Slc17a7 Glut_1,29,0.13122171945701358,0.90625,0.22924901185770752,0.9489655172413793,0.99
VGLUT1-19-Car12_Celsr1,cluster,0197 MEA Slc17a7 Glut_1,1,0.004524886877828055,0.03571428571428571,0.008032128514056226,0.86,0.86
VGLUT1-19-Car12_Celsr1,cluster,0198 MEA Slc17a7 Glut_1,24,0.1085972850678733,0.6666666666666666,0.1867704280155642,0.94375,0.985
VGLUT1-19-Car12_Celsr1,cluster,0199 MEA Slc17a7 Glut_1,8,0.03619909502262444,0.8888888888888888,0.06956521739130436,0.9375,0.935
VGLUT1-19-Car12_Celsr1,cluster,0200 MEA Slc17a7 Glut_1,1,0.004524886877828055,0.2,0.008849557522123894,0.99,0.99
VGLUT1-19-Car12_Celsr1,cluster,0222 LA-BLA-BMA-PA Glut_1,2,0.00904977375565611,0.08333333333333333,0.0163265306122449,0.99,0.99
VGLUT1-19-Car12_Celsr1,cluster,0224 LA-BLA-BMA-PA Glut_1,2,0.00904977375565611,0.16666666666666666,0.01716738197424893,1.0,1.0
VGLUT1-19-Car12_Celsr1,cluster,0228 LA-BLA-BMA-PA Glut_1,2,0.00904977375565611,0.08,0.016260162601626018,0.99,0.99
VGLUT1-2-Rspo2_Sema3e,cluster,0244 LA-BLA-BMA-PA Glut_4,1,0.0038314176245210726,0.012987012987012988,0.0059171597633136085,1.0,1.0
VGLUT1-2-Rspo2_Sema3e,cluster,0245 LA-BLA-BMA-PA Glut_5,191,0.7318007662835249,0.9646464646464646,0.8322440087145969,0.9760209424083769,1.0
VGLUT1-2-Rspo2_Sema3e,cluster,0247 LA-BLA-BMA-PA Glut_5,43,0.16475095785440613,0.7818181818181819,0.2721518987341772,0.957906976744186,0.97
VGLUT1-2-Rspo2_Sema3e,cluster,0248 LA-BLA-BMA-PA Glut_5,3,0.011494252873563218,0.21428571428571427,0.02181818181818182,0.8933333333333334,0.88
VGLUT1-2-Rspo2_Sema3e,cluster,0249 LA-BLA-BMA-PA Glut_6,3,0.011494252873563218,0.13636363636363635,0.02120141342756184,1.0,1.0
VGLUT1-2-Rspo2_Sema3e,cluster,0250 LA-BLA-BMA-PA Glut_6,20,0.07662835249042145,0.5263157894736842,0.13377926421404682,1.0,1.0
VGLUT1-20-Trh_Mdga1,cluster,0198 MEA Slc17a7 Glut_1,9,0.9,0.25,0.391304347826087,0.9955555555555556,1.0
VGLUT1-20-Trh_Mdga1,cluster,0219 COAp Grxcr2 Glut_2,1,0.1,0.01282051282051282,0.022727272727272728,1.0,1.0
VGLUT1-21-Trh_Rxfp1,cluster,0215 COAp Grxcr2 Glut_1,1,0.005235602094240838,0.05555555555555555,0.009569377990430622,1.0,1.0
VGLUT1-21-Trh_Rxfp1,cluster,0216 COAp Grxcr2 Glut_2,2,0.010471204188481676,0.09523809523809523,0.01886792452830189,0.995,0.995
VGLUT1-21-Trh_Rxfp1,cluster,0217 COAp Grxcr2 Glut_2,113,0.5916230366492147,0.5678391959798995,0.5794871794871795,0.9782300884955752,1.0
VGLUT1-21-Trh_Rxfp1,cluster,0219 COAp Grxcr2 Glut_2,75,0.39267015706806285,0.9615384615384616,0.5576208178438662,0.9852,1.0
VGLUT1-22-Trh_Medag,cluster,0214 MEA Slc17a7 Glut_3,1,0.006060606060606061,0.011627906976744186,0.00796812749003984,1.0,1.0
VGLUT1-22-Trh_Medag,cluster,0215 COAp Grxcr2 Glut_1,1,0.006060606060606061,0.05555555555555555,0.01092896174863388,1.0,1.0
VGLUT1-22-Trh_Medag,cluster,0216 COAp Grxcr2 Glut_2,18,0.10909090909090909,0.8571428571428571,0.19354838709677416,0.9594444444444444,0.99
VGLUT1-22-Trh_Medag,cluster,0217 COAp Grxcr2 Glut_2,77,0.4666666666666667,0.3869346733668342,0.4230769230769231,0.9706493506493505,1.0
VGLUT1-22-Trh_Medag,cluster,0220 COAp Grxcr2 Glut_2,68,0.4121212121212121,0.8947368421052632,0.5643153526970954,0.9479411764705882,0.97
VGLUT1-23-Trh_Kit,cluster,0197 MEA Slc17a7 Glut_1,27,0.216,0.9642857142857143,0.3529411764705882,0.9840740740740741,1.0
VGLUT1-23-Trh_Kit,cluster,0198 MEA Slc17a7 Glut_1,3,0.024,0.08333333333333333,0.037267080745341616,0.9133333333333334,0.92
VGLUT1-23-Trh_Kit,cluster,0213 MEA Slc17a7 Glut_3,1,0.008,0.007462686567164179,0.007722007722007722,1.0,1.0
VGLUT1-23-Trh_Kit,cluster,0214 MEA Slc17a7 Glut_3,85,0.68,0.9883720930232558,0.8056872037914692,0.9945882352941178,1.0
VGLUT1-23-Trh_Kit,cluster,0217 COAp Grxcr2 Glut_2,1,0.008,0.005025125628140704,0.006172839506172839,0.84,0.84
VGLUT1-23-Trh_Kit,cluster,0218 COAp Grxcr2 Glut_2,2,0.016,0.3333333333333333,0.030534351145038167,0.99,0.99
VGLUT1-23-Trh_Kit,cluster,0220 COAp Grxcr2 Glut_2,6,0.048,0.07894736842105263,0.059701492537313425,0.9316666666666666,0.935
VGLUT1-24-Trh_Slc23a3,cluster,0217 COAp Grxcr2 Glut_2,4,0.5,0.020100502512562814,0.03864734299516909,0.985,0.99
VGLUT1-24-Trh_Slc23a3,cluster,0218 COAp Grxcr2 Glut_2,4,0.5,0.6666666666666666,0.5714285714285715,1.0,1.0
VGLUT1-25-Plcxd3_Reln,cluster,0136 L2/3 IT ENT Glut_6,1,0.006060606060606061,1.0,0.012048192771084336,1.0,1.0
VGLUT1-25-Plcxd3_Reln,cluster,0157 L2/3 IT PIR-ENTl Glut_4,2,0.012121212121212121,1.0,0.02395209580838323,0.9550000000000001,0.9550000000000001
VGLUT1-25-Plcxd3_Reln,cluster,0163 L2/3 IT PIR-ENTl Glut_6,1,0.006060606060606061,0.08333333333333333,0.01129943502824859,1.0,1.0
VGLUT1-25-Plcxd3_Reln,cluster,0192 MEA Slc17a7 Glut_1,1,0.006060606060606061,0.025,0.00975609756097561,0.99,0.99
VGLUT1-25-Plcxd3_Reln,cluster,0194 MEA Slc17a7 Glut_1,7,0.04242424242424243,0.5384615384615384,0.07865168539325842,0.9742857142857143,1.0
VGLUT1-25-Plcxd3_Reln,cluster,0200 MEA Slc17a7 Glut_1,1,0.006060606060606061,0.2,0.01176470588235294,0.88,0.88
VGLUT1-25-Plcxd3_Reln,cluster,0201 MEA Slc17a7 Glut_2,4,0.024242424242424242,0.5714285714285714,0.046511627906976744,0.9975,1.0
VGLUT1-25-Plcxd3_Reln,cluster,0208 MEA Slc17a7 Glut_2,1,0.006060606060606061,1.0,0.012048192771084336,0.99,0.99
VGLUT1-25-Plcxd3_Reln,cluster,0209 MEA Slc17a7 Glut_2,14,0.08484848484848485,0.875,0.1546961325966851,0.99,1.0
VGLUT1-25-Plcxd3_Reln,cluster,0213 MEA Slc17a7 Glut_3,126,0.7636363636363637,0.9402985074626866,0.8428093645484951,1.0,1.0
VGLUT1-25-Plcxd3_Reln,cluster,0217 COAp Grxcr2 Glut_2,1,0.006060606060606061,0.005025125628140704,0.005494505494505495,0.87,0.87
VGLUT1-25-Plcxd3_Reln,cluster,0220 COAp Grxcr2 Glut_2,1,0.006060606060606061,0.013157894736842105,0.008298755186721992,0.91,0.91
VGLUT1-25-Plcxd3_Reln,cluster,0228 LA-BLA-BMA-PA Glut_1,4,0.024242424242424242,0.16,0.042105263157894736,1.0,1.0
VGLUT1-25-Plcxd3_Reln,cluster,0239 LA-BLA-BMA-PA Glut_3,1,0.006060606060606061,0.02040816326530612,0.009345794392523364,0.87,0.87
VGLUT1-26-Tac1_Igfbp5,cluster,0200 MEA Slc17a7 Glut_1,3,0.1875,0.6,0.2857142857142857,1.0,1.0
VGLUT1-26-Tac1_Igfbp5,cluster,0211 MEA Slc17a7 Glut_2,5,0.3125,1.0,0.47619047619047616,0.9720000000000001,0.98
VGLUT1-26-Tac1_Igfbp5,cluster,0212 MEA Slc17a7 Glut_2,3,0.1875,0.6,0.2857142857142857,0.9733333333333333,0.96
VGLUT1-26-Tac1_Igfbp5,cluster,0213 MEA Slc17a7 Glut_3,2,0.125,0.014925373134328358,0.02666666666666667,1.0,1.0
VGLUT1-26-Tac1_Igfbp5,cluster,0220 COAp Grxcr2 Glut_2,1,0.0625,0.013157894736842105,0.021739130434782608,0.86,0.86
VGLUT1-26-Tac1_Igfbp5,cluster,0237 LA-BLA-BMA-PA Glut_3,1,0.0625,0.017543859649122806,0.0273972602739726,1.0,1.0
VGLUT1-26-Tac1_Igfbp5,cluster,0245 LA-BLA-BMA-PA Glut_5,1,0.0625,0.005050505050505051,0.009345794392523364,0.9,0.9
VGLUT1-27-Oasl2_Ifit1,cluster,0195 MEA Slc17a7 Glut_1,1,0.125,0.019230769230769232,0.03333333333333334,0.89,0.89
VGLUT1-27-Oasl2_Ifit1,cluster,0196 MEA Slc17a7 Glut_1,2,0.25,0.0625,0.1,0.9550000000000001,0.9550000000000001
VGLUT1-27-Oasl2_Ifit1,cluster,0201 MEA Slc17a7 Glut_2,1,0.125,0.14285714285714285,0.13333333333333333,1.0,1.0
VGLUT1-27-Oasl2_Ifit1,cluster,0213 MEA Slc17a7 Glut_3,1,0.125,0.007462686567164179,0.014084507042253521,1.0,1.0
VGLUT1-27-Oasl2_Ifit1,cluster,0217 COAp Grxcr2 Glut_2,1,0.125,0.005025125628140704,0.009661835748792272,1.0,1.0
VGLUT1-27-Oasl2_Ifit1,cluster,0237 LA-BLA-BMA-PA Glut_3,1,0.125,0.017543859649122806,0.030769230769230767,0.99,0.99
VGLUT1-27-Oasl2_Ifit1,cluster,0238 LA-BLA-BMA-PA Glut_3,1,0.125,0.041666666666666664,0.0625,1.0,1.0
VGLUT1-28-Grp_Cpne8,cluster,0236 LA-BLA-BMA-PA Glut_3,34,0.2111801242236025,0.7555555555555555,0.3300970873786408,0.9711764705882354,1.0
VGLUT1-28-Grp_Cpne8,cluster,0237 LA-BLA-BMA-PA Glut_3,55,0.3416149068322981,0.9649122807017544,0.5045871559633027,0.9372727272727273,0.95
VGLUT1-28-Grp_Cpne8,cluster,0238 LA-BLA-BMA-PA Glut_3,23,0.14285714285714285,0.9583333333333334,0.2486486486486486,0.9786956521739131,1.0
VGLUT1-28-Grp_Cpne8,cluster,0239 LA-BLA-BMA-PA Glut_3,27,0.16770186335403728,0.5510204081632653,0.2571428571428571,0.9585185185185184,0.98
VGLUT1-28-Grp_Cpne8,cluster,0240 LA-BLA-BMA-PA Glut_3,20,0.12422360248447205,0.9523809523809523,0.21978021978021978,0.9865,1.0
VGLUT1-28-Grp_Cpne8,cluster,0246 LA-BLA-BMA-PA Glut_5,1,0.006211180124223602,0.2,0.012048192771084336,0.97,0.97
VGLUT1-28-Grp_Cpne8,cluster,0250 LA-BLA-BMA-PA Glut_6,1,0.006211180124223602,0.02631578947368421,0.010050251256281407,1.0,1.0
VGLUT1-29-St8sia2_Cald1,cluster,0215 COAp Grxcr2 Glut_1,3,0.2,0.16666666666666666,0.1818181818181818,1.0,1.0
VGLUT1-29-St8sia2_Cald1,cluster,0236 LA-BLA-BMA-PA Glut_3,8,0.5333333333333333,0.17777777777777778,0.26666666666666666,1.0,1.0
VGLUT1-29-St8sia2_Cald1,cluster,0251 LA-BLA-BMA-PA Glut_6,4,0.26666666666666666,0.8,0.4,0.995,1.0
VGLUT1-3-Sema5a_Dcn,cluster,0235 LA-BLA-BMA-PA Glut_2,17,0.3541666666666667,0.7391304347826086,0.4788732394366197,0.9741176470588234,1.0
VGLUT1-3-Sema5a_Dcn,cluster,0241 LA-BLA-BMA-PA Glut_4,1,0.020833333333333332,0.030303030303030304,0.024691358024691357,0.83,0.83
VGLUT1-3-Sema5a_Dcn,cluster,0249 LA-BLA-BMA-PA Glut_6,18,0.375,0.8181818181818182,0.5142857142857142,0.9844444444444443,1.0
VGLUT1-3-Sema5a_Dcn,cluster,0250 LA-BLA-BMA-PA Glut_6,11,0.22916666666666666,0.2894736842105263,0.2558139534883721,0.9763636363636364,1.0
VGLUT1-3-Sema5a_Dcn,cluster,0251 LA-BLA-BMA-PA Glut_6,1,0.020833333333333332,0.2,0.03773584905660377,0.85,0.85
VGLUT1-30-Gsg1l_Prox1,cluster,0141 L2/3 IT PIR-ENTl Glut_1,6,0.6,0.42857142857142855,0.5,0.9983333333333334,1.0
VGLUT1-30-Gsg1l_Prox1,cluster,0163 L2/3 IT PIR-ENTl Glut_6,1,0.1,0.08333333333333333,0.0909090909090909,1.0,1.0
VGLUT1-30-Gsg1l_Prox1,cluster,0215 COAp Grxcr2 Glut_1,3,0.3,0.16666666666666666,0.21428571428571427,1.0,1.0
VGLUT1-31-Igfn1_Ndst4,cluster,0007 IT EP-CLA Glut_1,5,0.078125,0.8333333333333334,0.14285714285714285,1.0,1.0
VGLUT1-31-Igfn1_Ndst4,cluster,0138 L2/3 IT PIR-ENTl Glut_1,10,0.15625,0.9090909090909091,0.2666666666666666,0.974,1.0
VGLUT1-31-Igfn1_Ndst4,cluster,0139 L2/3 IT PIR-ENTl Glut_1,2,0.03125,0.6666666666666666,0.05970149253731343,0.9650000000000001,0.9650000000000001
VGLUT1-31-Igfn1_Ndst4,cluster,0140 L2/3 IT PIR-ENTl Glut_1,2,0.03125,1.0,0.06060606060606061,0.9550000000000001,0.9550000000000001
VGLUT1-31-Igfn1_Ndst4,cluster,0141 L2/3 IT PIR-ENTl Glut_1,8,0.125,0.5714285714285714,0.20512820512820512,0.98625,0.995
VGLUT1-31-Igfn1_Ndst4,cluster,0143 L2/3 IT PIR-ENTl Glut_1,4,0.0625,1.0,0.11764705882352941,0.9125,0.915
VGLUT1-31-Igfn1_Ndst4,cluster,0144 L2/3 IT PIR-ENTl Glut_2,1,0.015625,1.0,0.03076923076923077,1.0,1.0
VGLUT1-31-Igfn1_Ndst4,cluster,0145 L2/3 IT PIR-ENTl Glut_2,3,0.046875,1.0,0.08955223880597014,0.96,1.0
VGLUT1-31-Igfn1_Ndst4,cluster,0150 L2/3 IT PIR-ENTl Glut_3,7,0.109375,1.0,0.19718309859154928,0.9671428571428572,1.0
VGLUT1-31-Igfn1_Ndst4,cluster,0160 L2/3 IT PIR-ENTl Glut_4,5,0.078125,0.625,0.1388888888888889,1.0,1.0
VGLUT1-31-Igfn1_Ndst4,cluster,0163 L2/3 IT PIR-ENTl Glut_6,9,0.140625,0.75,0.23684210526315788,0.99,1.0
VGLUT1-31-Igfn1_Ndst4,cluster,0165 L2/3 IT PIR-ENTl Glut_7,1,0.015625,1.0,0.03076923076923077,1.0,1.0
VGLUT1-31-Igfn1_Ndst4,cluster,0213 MEA Slc17a7 Glut_3,4,0.0625,0.029850746268656716,0.0404040404040404,1.0,1.0
VGLUT1-31-Igfn1_Ndst4,cluster,0215 COAp Grxcr2 Glut_1,2,0.03125,0.1111111111111111,0.04878048780487805,1.0,1.0
VGLUT1-31-Igfn1_Ndst4,cluster,0216 COAp Grxcr2 Glut_2,1,0.015625,0.047619047619047616,0.023529411764705882,0.97,0.97
VGLUT1-32-Mid1_Cdh22,cluster,0162 L2/3 IT PIR-ENTl Glut_6,1,0.1111111111111111,0.3333333333333333,0.16666666666666666,0.97,0.97
VGLUT1-32-Mid1_Cdh22,cluster,0215 COAp Grxcr2 Glut_1,6,0.6666666666666666,0.3333333333333333,0.4444444444444444,1.0,1.0
VGLUT1-32-Mid1_Cdh22,cluster,0231 LA-BLA-BMA-PA Glut_2,1,0.1111111111111111,0.023809523809523808,0.0392156862745098,0.96,0.96
VGLUT1-32-Mid1_Cdh22,cluster,0236 LA-BLA-BMA-PA Glut_3,1,0.1111111111111111,0.022222222222222223,0.037037037037037035,1.0,1.0
VGLUT1-4-Wfs1_Sorcs3,cluster,0232 LA-BLA-BMA-PA Glut_2,1,0.0625,0.125,0.08333333333333333,1.0,1.0
VGLUT1-4-Wfs1_Sorcs3,cluster,0235 LA-BLA-BMA-PA Glut_2,6,0.375,0.2608695652173913,0.30769230769230765,0.9500000000000001,1.0
VGLUT1-4-Wfs1_Sorcs3,cluster,0236 LA-BLA-BMA-PA Glut_3,1,0.0625,0.022222222222222223,0.03278688524590164,0.91,0.91
VGLUT1-4-Wfs1_Sorcs3,cluster,0245 LA-BLA-BMA-PA Glut_5,1,0.0625,0.005050505050505051,0.009345794392523364,0.98,0.98
VGLUT1-4-Wfs1_Sorcs3,cluster,0247 LA-BLA-BMA-PA Glut_5,1,0.0625,0.01818181818181818,0.02816901408450704,0.95,0.95
VGLUT1-4-Wfs1_Sorcs3,cluster,0249 LA-BLA-BMA-PA Glut_6,1,0.0625,0.045454545454545456,0.052631578947368425,1.0,1.0
VGLUT1-4-Wfs1_Sorcs3,cluster,0250 LA-BLA-BMA-PA Glut_6,5,0.3125,0.13157894736842105,0.18518518518518517,0.998,1.0
VGLUT1-5-Cbln1_Coch,cluster,0138 L2/3 IT PIR-ENTl Glut_1,1,0.25,0.09090909090909091,0.13333333333333333,1.0,1.0
VGLUT1-5-Cbln1_Coch,cluster,0142 L2/3 IT PIR-ENTl Glut_1,1,0.25,0.07142857142857142,0.11111111111111112,0.98,0.98
VGLUT1-5-Cbln1_Coch,cluster,0163 L2/3 IT PIR-ENTl Glut_6,1,0.25,0.08333333333333333,0.125,1.0,1.0
VGLUT1-5-Cbln1_Coch,cluster,0232 LA-BLA-BMA-PA Glut_2,1,0.25,0.125,0.16666666666666666,1.0,1.0
VGLUT1-6-Thrsp_Lamp5,cluster,0142 L2/3 IT PIR-ENTl Glut_1,13,0.10743801652892562,0.9285714285714286,0.1925925925925926,0.996923076923077,1.0
VGLUT1-6-Thrsp_Lamp5,cluster,0161 L2/3 IT PIR-ENTl Glut_5,4,0.03305785123966942,1.0,0.06400000000000002,1.0,1.0
VGLUT1-6-Thrsp_Lamp5,cluster,0168 IT AON-TT-DP Glut_1,1,0.008264462809917356,1.0,0.01639344262295082,1.0,1.0
VGLUT1-6-Thrsp_Lamp5,cluster,0199 MEA Slc17a7 Glut_1,1,0.008264462809917356,0.1111111111111111,0.015384615384615385,1.0,1.0
VGLUT1-6-Thrsp_Lamp5,cluster,0215 COAp Grxcr2 Glut_1,1,0.008264462809917356,0.05555555555555555,0.014388489208633094,1.0,1.0
VGLUT1-6-Thrsp_Lamp5,cluster,0219 COAp Grxcr2 Glut_2,1,0.008264462809917356,0.01282051282051282,0.010050251256281407,1.0,1.0
VGLUT1-6-Thrsp_Lamp5,cluster,0239 LA-BLA-BMA-PA Glut_3,1,0.008264462809917356,0.02040816326530612,0.011764705882352941,1.0,1.0
VGLUT1-6-Thrsp_Lamp5,cluster,0244 LA-BLA-BMA-PA Glut_4,75,0.6198347107438017,0.974025974025974,0.7575757575757576,0.9990666666666668,1.0
VGLUT1-6-Thrsp_Lamp5,cluster,0246 LA-BLA-BMA-PA Glut_5,2,0.01652892561983471,0.4,0.031746031746031744,0.995,0.995
VGLUT1-6-Thrsp_Lamp5,cluster,0247 LA-BLA-BMA-PA Glut_5,11,0.09090909090909091,0.2,0.12500000000000003,0.9627272727272728,0.97
VGLUT1-6-Thrsp_Lamp5,cluster,0248 LA-BLA-BMA-PA Glut_5,11,0.09090909090909091,0.7857142857142857,0.16296296296296295,0.9809090909090908,1.0
VGLUT1-7-Bok_Pamr1,cluster,0023 L5/6 IT TPE-ENT Glut_1,18,0.2571428571428571,1.0,0.40909090909090906,0.9955555555555556,1.0
VGLUT1-7-Bok_Pamr1,cluster,0201 MEA Slc17a7 Glut_2,1,0.014285714285714285,0.14285714285714285,0.025974025974025972,1.0,1.0
VGLUT1-7-Bok_Pamr1,cluster,0202 MEA Slc17a7 Glut_2,2,0.02857142857142857,0.2222222222222222,0.050632911392405056,1.0,1.0
VGLUT1-7-Bok_Pamr1,cluster,0204 MEA Slc17a7 Glut_2,1,0.014285714285714285,0.2,0.026666666666666665,0.81,0.81
VGLUT1-7-Bok_Pamr1,cluster,0205 MEA Slc17a7 Glut_2,23,0.32857142857142857,0.45098039215686275,0.38016528925619836,0.9956521739130434,1.0
VGLUT1-7-Bok_Pamr1,cluster,0239 LA-BLA-BMA-PA Glut_3,20,0.2857142857142857,0.40816326530612246,0.3361344537815126,0.986,1.0
VGLUT1-7-Bok_Pamr1,cluster,0240 LA-BLA-BMA-PA Glut_3,1,0.014285714285714285,0.047619047619047616,0.02197802197802198,1.0,1.0
VGLUT1-7-Bok_Pamr1,cluster,0402 NLOT Rho Glut_1,4,0.05714285714285714,0.024844720496894408,0.03463203463203463,1.0,1.0
VGLUT1-8-Sim1_C1ql1,cluster,0193 MEA Slc17a7 Glut_1,1,0.006369426751592357,0.011494252873563218,0.00819672131147541,0.91,0.91
VGLUT1-8-Sim1_C1ql1,cluster,0402 NLOT Rho Glut_1,156,0.9936305732484076,0.968944099378882,0.9811320754716981,1.0,1.0
VGLUT1-9-Gpx3_Rxfp1,cluster,0017 IT EP-CLA Glut_2,1,0.07692307692307693,1.0,0.14285714285714288,0.99,0.99
VGLUT1-9-Gpx3_Rxfp1,cluster,0018 IT EP-CLA Glut_3,3,0.23076923076923078,0.6,0.33333333333333337,0.9899999999999999,1.0
VGLUT1-9-Gpx3_Rxfp1,cluster,0139 L2/3 IT PIR-ENTl Glut_1,1,0.07692307692307693,0.3333333333333333,0.125,1.0,1.0
VGLUT1-9-Gpx3_Rxfp1,cluster,0160 L2/3 IT PIR-ENTl Glut_4,3,0.23076923076923078,0.375,0.2857142857142857,1.0,1.0
VGLUT1-9-Gpx3_Rxfp1,cluster,0259 ENTmv-PA-COAp Glut_3,1,0.07692307692307693,1.0,0.14285714285714288,1.0,1.0
VGLUT1-9-Gpx3_Rxfp1,cluster,0405 L6b EPd Glut_2,1,0.07692307692307693,1.0,0.14285714285714288,1.0,1.0
VGLUT1-9-Gpx3_Rxfp1,cluster,0407 L6b EPd Glut_3,1,0.07692307692307693,1.0,0.14285714285714288,0.92,0.92
VGLUT1-9-Gpx3_Rxfp1,cluster,0408 L6b EPd Glut_3,1,0.07692307692307693,1.0,0.14285714285714288,1.0,1.0
VGLUT1-9-Gpx3_Rxfp1,cluster,0417 L6b/CT ENT Glut_2,1,0.07692307692307693,1.0,0.14285714285714288,0.84,0.84
VGLUT2-1-Trh_Tes,cluster,2027 COAa-PAA-MEA Barhl2 Glut_3,43,0.9347826086956522,1.0,0.9662921348314606,0.9904651162790699,1.0
VGLUT2-1-Trh_Tes,cluster,2028 COAa-PAA-MEA Barhl2 Glut_3,3,0.06521739130434782,0.25,0.10344827586206896,0.89,0.86
VGLUT2-10-Grp_Emx2,cluster,2014 COAa-PAA-MEA Barhl2 Glut_1,6,0.6666666666666666,1.0,0.8,0.9633333333333334,0.98
VGLUT2-10-Grp_Emx2,cluster,2019 COAa-PAA-MEA Barhl2 Glut_1,3,0.3333333333333333,0.3333333333333333,0.3333333333333333,0.98,1.0
VGLUT2-11-Ebf1_Fmod,cluster,2000 MEA-COA-BMA Ccdc42 Glut_1,1,0.020833333333333332,0.05555555555555555,0.030303030303030304,0.86,0.86
VGLUT2-11-Ebf1_Fmod,cluster,2010 MEA-COA-BMA Ccdc42 Glut_4,1,0.020833333333333332,0.5,0.039999999999999994,0.87,0.87
VGLUT2-11-Ebf1_Fmod,cluster,2011 MEA-COA-BMA Ccdc42 Glut_4,18,0.375,1.0,0.5454545454545454,0.9877777777777779,1.0
VGLUT2-11-Ebf1_Fmod,cluster,2018 COAa-PAA-MEA Barhl2 Glut_1,22,0.4583333333333333,0.9565217391304348,0.619718309859155,0.97,1.0
VGLUT2-11-Ebf1_Fmod,cluster,2019 COAa-PAA-MEA Barhl2 Glut_1,4,0.08333333333333333,0.4444444444444444,0.14035087719298245,0.9450000000000001,0.965
VGLUT2-11-Ebf1_Fmod,cluster,2020 COAa-PAA-MEA Barhl2 Glut_1,2,0.041666666666666664,0.16666666666666666,0.06666666666666667,0.985,0.985
VGLUT2-12-Pkib_Emx2,cluster,2009 MEA-COA-BMA Ccdc42 Glut_3,1,0.125,0.1111111111111111,0.11764705882352941,0.95,0.95
VGLUT2-12-Pkib_Emx2,cluster,2016 COAa-PAA-MEA Barhl2 Glut_1,7,0.875,0.7,0.7777777777777777,1.0,1.0
VGLUT2-14-Tshz1_Col23a1,cluster,2034 COAa-PAA-MEA Barhl2 Glut_4,10,1.0,0.5263157894736842,0.6896551724137931,1.0,1.0
VGLUT2-15-Rxfp1_Rspo3,cluster,2024 COAa-PAA-MEA Barhl2 Glut_2,1,0.058823529411764705,1.0,0.1111111111111111,1.0,1.0
VGLUT2-15-Rxfp1_Rspo3,cluster,2029 COAa-PAA-MEA Barhl2 Glut_3,8,0.47058823529411764,0.20512820512820512,0.28571428571428564,1.0,1.0
VGLUT2-15-Rxfp1_Rspo3,cluster,2034 COAa-PAA-MEA Barhl2 Glut_4,8,0.47058823529411764,0.42105263157894735,0.4444444444444444,1.0,1.0
VGLUT2-16-Mpped1_Col23a1,cluster,2034 COAa-PAA-MEA Barhl2 Glut_4,1,0.5,0.05263157894736842,0.09523809523809525,1.0,1.0
VGLUT2-16-Mpped1_Col23a1,cluster,2035 COAa-PAA-MEA Barhl2 Glut_5,1,0.5,0.16666666666666666,0.25,1.0,1.0
VGLUT2-17-Crh_Deptor,cluster,2035 COAa-PAA-MEA Barhl2 Glut_5,3,0.2727272727272727,0.5,0.3529411764705882,0.9366666666666666,0.99
VGLUT2-17-Crh_Deptor,cluster,2036 COAa-PAA-MEA Barhl2 Glut_5,1,0.09090909090909091,0.1,0.09523809523809525,0.82,0.82
VGLUT2-17-Crh_Deptor,cluster,2037 COAa-PAA-MEA Barhl2 Glut_5,7,0.6363636363636364,0.875,0.7368421052631579,0.9942857142857143,1.0
VGLUT2-18-Papp2_Cdh23,cluster,2032 COAa-PAA-MEA Barhl2 Glut_4,14,0.9333333333333333,1.0,0.9655172413793104,1.0,1.0
VGLUT2-18-Papp2_Cdh23,cluster,2206 MEA Otp Foxp2 Glut_1,1,0.06666666666666667,1.0,0.125,1.0,1.0
VGLUT2-19-Fst_Foxb1,cluster,2015 COAa-PAA-MEA Barhl2 Glut_1,1,0.5,0.25,0.3333333333333333,1.0,1.0
VGLUT2-19-Fst_Foxb1,cluster,2033 COAa-PAA-MEA Barhl2 Glut_4,1,0.5,1.0,0.6666666666666666,1.0,1.0
VGLUT2-2-Mafb_Ndnf,cluster,2028 COAa-PAA-MEA Barhl2 Glut_3,9,0.2647058823529412,0.75,0.39130434782608703,0.9488888888888888,0.95
VGLUT2-2-Mafb_Ndnf,cluster,2029 COAa-PAA-MEA Barhl2 Glut_3,24,0.7058823529411765,0.6153846153846154,0.6575342465753424,0.9770833333333333,1.0
VGLUT2-2-Mafb_Ndnf,cluster,2031 COAa-PAA-MEA Barhl2 Glut_3,1,0.029411764705882353,0.06666666666666667,0.04081632653061225,0.99,0.99
VGLUT2-20-Zic5_Serpinb1b,cluster,0206 MEA Slc17a7 Glut_2,1,0.2,0.2,0.20000000000000004,1.0,1.0
VGLUT2-20-Zic5_Serpinb1b,cluster,0209 MEA Slc17a7 Glut_2,2,0.4,0.125,0.19047619047619047,0.97,0.97
VGLUT2-20-Zic5_Serpinb1b,cluster,0212 MEA Slc17a7 Glut_2,2,0.4,0.4,0.4000000000000001,1.0,1.0
VGLUT2-21-Neurod6_Rorb,cluster,0202 MEA Slc17a7 Glut_2,7,0.16666666666666666,0.7777777777777778,0.2745098039215686,0.9528571428571428,0.96
VGLUT2-21-Neurod6_Rorb,cluster,0204 MEA Slc17a7 Glut_2,4,0.09523809523809523,0.8,0.1702127659574468,0.9725,0.98
VGLUT2-21-Neurod6_Rorb,cluster,0205 MEA Slc17a7 Glut_2,27,0.6428571428571429,0.5294117647058824,0.5806451612903226,0.9729629629629629,1.0
VGLUT2-21-Neurod6_Rorb,cluster,0207 MEA Slc17a7 Glut_2,4,0.09523809523809523,1.0,0.17391304347826084,0.915,0.925
VGLUT2-22-Ebf2_Mylk,cluster,0210 MEA Slc17a7 Glut_2,1,0.2,1.0,0.33333333333333337,1.0,1.0
VGLUT2-22-Ebf2_Mylk,cluster,2004 MEA-COA-BMA Ccdc42 Glut_2,2,0.4,0.2857142857142857,0.3333333333333333,1.0,1.0
VGLUT2-22-Ebf2_Mylk,cluster,2017 COAa-PAA-MEA Barhl2 Glut_1,2,0.4,0.2857142857142857,0.3333333333333333,0.995,0.995
VGLUT2-23-Nov_Gpr83,cluster,0018 IT EP-CLA Glut_3,2,0.4,0.4,0.4000000000000001,1.0,1.0
VGLUT2-23-Nov_Gpr83,cluster,2001 MEA-COA-BMA Ccdc42 Glut_1,1,0.2,0.125,0.15384615384615385,0.92,0.92
VGLUT2-23-Nov_Gpr83,cluster,2004 MEA-COA-BMA Ccdc42 Glut_2,2,0.4,0.2857142857142857,0.3333333333333333,1.0,1.0
VGLUT2-24-Cdkn1c_Penk,cluster,2004 MEA-COA-BMA Ccdc42 Glut_2,3,1.0,0.42857142857142855,0.6,1.0,1.0
VGLUT2-25-Ebf3_Penk,cluster,1999 MEA-COA-BMA Ccdc42 Glut_1,4,0.3076923076923077,0.8,0.4444444444444444,0.9775,0.975
VGLUT2-25-Ebf3_Penk,cluster,2002 MEA-COA-BMA Ccdc42 Glut_1,5,0.38461538461538464,1.0,0.5555555555555556,0.9460000000000001,0.99
VGLUT2-25-Ebf3_Penk,cluster,2003 MEA-COA-BMA Ccdc42 Glut_1,1,0.07692307692307693,0.04,0.052631578947368425,1.0,1.0
VGLUT2-25-Ebf3_Penk,cluster,2007 MEA-COA-BMA Ccdc42 Glut_3,1,0.07692307692307693,0.2,0.1111111111111111,0.94,0.94
VGLUT2-25-Ebf3_Penk,cluster,2217 MEA-BST Otp Zic2 Glut_3,2,0.15384615384615385,0.5,0.23529411764705882,1.0,1.0
VGLUT2-26-Krt9_Matn2,cluster,1998 MEA-COA-BMA Ccdc42 Glut_1,5,0.11627906976744186,1.0,0.20833333333333334,0.932,1.0
VGLUT2-26-Krt9_Matn2,cluster,1999 MEA-COA-BMA Ccdc42 Glut_1,1,0.023255813953488372,0.2,0.041666666666666664,0.88,0.88
VGLUT2-26-Krt9_Matn2,cluster,2000 MEA-COA-BMA Ccdc42 Glut_1,15,0.3488372093023256,0.8333333333333334,0.4918032786885246,0.932,0.94
VGLUT2-26-Krt9_Matn2,cluster,2001 MEA-COA-BMA Ccdc42 Glut_1,6,0.13953488372093023,0.75,0.2352941176470588,0.9633333333333333,1.0
VGLUT2-26-Krt9_Matn2,cluster,2003 MEA-COA-BMA Ccdc42 Glut_1,12,0.27906976744186046,0.48,0.35294117647058815,0.9433333333333334,0.96
VGLUT2-26-Krt9_Matn2,cluster,2006 MEA-COA-BMA Ccdc42 Glut_3,1,0.023255813953488372,0.02702702702702703,0.025,0.95,0.95
VGLUT2-26-Krt9_Matn2,cluster,2015 COAa-PAA-MEA Barhl2 Glut_1,3,0.06976744186046512,0.75,0.1276595744680851,1.0,1.0
VGLUT2-27-Cartpt_Igfbp6,cluster,0020 IT EP-CLA Glut_3,1,0.0625,1.0,0.11764705882352941,0.97,0.97
VGLUT2-27-Cartpt_Igfbp6,cluster,0206 MEA Slc17a7 Glut_2,4,0.25,0.8,0.38095238095238093,1.0,1.0
VGLUT2-27-Cartpt_Igfbp6,cluster,2003 MEA-COA-BMA Ccdc42 Glut_1,11,0.6875,0.44,0.5365853658536586,1.0,1.0
VGLUT2-28-Krt9_Penk,cluster,2005 MEA-COA-BMA Ccdc42 Glut_3,10,0.21739130434782608,1.0,0.3571428571428571,0.9019999999999999,0.89
VGLUT2-28-Krt9_Penk,cluster,2006 MEA-COA-BMA Ccdc42 Glut_3,31,0.6739130434782609,0.8378378378378378,0.746987951807229,0.9461290322580644,0.97
VGLUT2-28-Krt9_Penk,cluster,2007 MEA-COA-BMA Ccdc42 Glut_3,4,0.08695652173913043,0.8,0.1568627450980392,0.9425,0.96
VGLUT2-28-Krt9_Penk,cluster,2010 MEA-COA-BMA Ccdc42 Glut_4,1,0.021739130434782608,0.5,0.041666666666666664,0.89,0.89
VGLUT2-29-Tac1_Cartpt,cluster,2000 MEA-COA-BMA Ccdc42 Glut_1,2,0.125,0.1111111111111111,0.11764705882352941,0.96,0.96
VGLUT2-29-Tac1_Cartpt,cluster,2008 MEA-COA-BMA Ccdc42 Glut_3,7,0.4375,1.0,0.6086956521739131,0.9014285714285714,0.89
VGLUT2-29-Tac1_Cartpt,cluster,2009 MEA-COA-BMA Ccdc42 Glut_3,7,0.4375,0.7777777777777778,0.56,0.9142857142857143,0.92
VGLUT2-3-Cd34_Papp2,cluster,2029 COAa-PAA-MEA Barhl2 Glut_3,1,0.037037037037037035,0.02564102564102564,0.030303030303030307,0.93,0.93
VGLUT2-3-Cd34_Papp2,cluster,2035 COAa-PAA-MEA Barhl2 Glut_5,2,0.07407407407407407,0.3333333333333333,0.12121212121212122,0.96,0.96
VGLUT2-3-Cd34_Papp2,cluster,2036 COAa-PAA-MEA Barhl2 Glut_5,9,0.3333333333333333,0.9,0.48648648648648646,1.0,1.0
VGLUT2-3-Cd34_Papp2,cluster,2037 COAa-PAA-MEA Barhl2 Glut_5,1,0.037037037037037035,0.125,0.05714285714285714,0.88,0.88
VGLUT2-3-Cd34_Papp2,cluster,2038 COAa-PAA-MEA Barhl2 Glut_6,2,0.07407407407407407,1.0,0.13793103448275862,0.995,0.995
VGLUT2-3-Cd34_Papp2,cluster,2039 COAa-PAA-MEA Barhl2 Glut_6,4,0.14814814814814814,1.0,0.25806451612903225,0.975,0.985
VGLUT2-3-Cd34_Papp2,cluster,2040 COAa-PAA-MEA Barhl2 Glut_6,8,0.2962962962962963,0.8888888888888888,0.4444444444444444,0.9975,1.0
VGLUT2-30-Otp_Penk,cluster,2001 MEA-COA-BMA Ccdc42 Glut_1,1,0.14285714285714285,0.125,0.13333333333333333,0.82,0.82
VGLUT2-30-Otp_Penk,cluster,2006 MEA-COA-BMA Ccdc42 Glut_3,4,0.5714285714285714,0.10810810810810811,0.18181818181818182,0.98,0.98
VGLUT2-30-Otp_Penk,cluster,2204 MEA Otp Foxp2 Glut_1,1,0.14285714285714285,0.01818181818181818,0.032258064516129024,1.0,1.0
VGLUT2-30-Otp_Penk,cluster,2218 LHA-MEA Otp Glut_1,1,0.14285714285714285,0.25,0.18181818181818182,1.0,1.0
VGLUT2-31-Otp_Greb1,cluster,2049 COAa-PAA-MEA Barhl2 Glut_8,3,0.07692307692307693,0.75,0.13953488372093026,1.0,1.0
VGLUT2-31-Otp_Greb1,cluster,2209 MEA-BST Otp Zic2 Glut_1,1,0.02564102564102564,1.0,0.05,0.94,0.94
VGLUT2-31-Otp_Greb1,cluster,2214 MEA-BST Otp Zic2 Glut_2,6,0.15384615384615385,1.0,0.2666666666666667,0.9983333333333334,1.0
VGLUT2-31-Otp_Greb1,cluster,2215 MEA-BST Otp Zic2 Glut_2,7,0.1794871794871795,1.0,0.30434782608695654,0.9742857142857143,1.0
VGLUT2-31-Otp_Greb1,cluster,2216 MEA-BST Otp Zic2 Glut_2,5,0.1282051282051282,1.0,0.22727272727272727,0.9620000000000001,1.0
VGLUT2-31-Otp_Greb1,cluster,2217 MEA-BST Otp Zic2 Glut_3,2,0.05128205128205128,0.5,0.09302325581395347,1.0,1.0
VGLUT2-31-Otp_Greb1,cluster,2218 LHA-MEA Otp Glut_1,3,0.07692307692307693,0.75,0.13953488372093026,0.9633333333333333,0.95
VGLUT2-31-Otp_Greb1,cluster,2219 LHA-MEA Otp Glut_1,4,0.10256410256410256,1.0,0.18604651162790695,1.0,1.0
VGLUT2-31-Otp_Greb1,cluster,2220 LHA-MEA Otp Glut_1,2,0.05128205128205128,1.0,0.09756097560975609,0.955,0.955
VGLUT2-31-Otp_Greb1,cluster,2221 LHA-MEA Otp Glut_1,1,0.02564102564102564,1.0,0.05,1.0,1.0
VGLUT2-31-Otp_Greb1,cluster,2224 LHA-MEA Otp Glut_2,5,0.1282051282051282,1.0,0.22727272727272727,1.0,1.0
VGLUT2-32-Oxt_Avp,cluster,2380 PVH-SO-PVa Otp Glut_4,3,1.0,1.0,1.0,1.0,1.0
VGLUT2-33-Nxph2_Calb1,cluster,2009 MEA-COA-BMA Ccdc42 Glut_3,1,0.1111111111111111,0.1111111111111111,0.1111111111111111,0.92,0.92
VGLUT2-33-Nxph2_Calb1,cluster,2016 COAa-PAA-MEA Barhl2 Glut_1,1,0.1111111111111111,0.1,0.10526315789473685,1.0,1.0
VGLUT2-33-Nxph2_Calb1,cluster,2021 COAa-PAA-MEA Barhl2 Glut_1,2,0.2222222222222222,1.0,0.3636363636363636,0.915,0.915
VGLUT2-33-Nxph2_Calb1,cluster,2041 COAa-PAA-MEA Barhl2 Glut_7,5,0.5555555555555556,0.7142857142857143,0.6250000000000001,0.978,1.0
VGLUT2-34-Gal_Col12a1,cluster,2016 COAa-PAA-MEA Barhl2 Glut_1,2,0.05555555555555555,0.2,0.08695652173913045,0.985,0.985
VGLUT2-34-Gal_Col12a1,cluster,2020 COAa-PAA-MEA Barhl2 Glut_1,9,0.25,0.75,0.375,0.9777777777777779,1.0
VGLUT2-34-Gal_Col12a1,cluster,2053 COAa-PAA-MEA Barhl2 Glut_9,24,0.6666666666666666,0.8571428571428571,0.75,1.0,1.0
VGLUT2-34-Gal_Col12a1,cluster,2104 LHA Barhl2 Glut_1,1,0.027777777777777776,1.0,0.05405405405405406,1.0,1.0
VGLUT2-35-Nr4a2_Zfhx4,cluster,2022 COAa-PAA-MEA Barhl2 Glut_1,1,0.034482758620689655,0.09090909090909091,0.05,0.94,0.94
VGLUT2-35-Nr4a2_Zfhx4,cluster,2041 COAa-PAA-MEA Barhl2 Glut_7,2,0.06896551724137931,0.2857142857142857,0.1111111111111111,0.9199999999999999,0.9199999999999999
VGLUT2-35-Nr4a2_Zfhx4,cluster,2042 COAa-PAA-MEA Barhl2 Glut_7,4,0.13793103448275862,1.0,0.2424242424242424,0.9975,1.0
VGLUT2-35-Nr4a2_Zfhx4,cluster,2043 COAa-PAA-MEA Barhl2 Glut_7,7,0.2413793103448276,1.0,0.3888888888888889,0.9971428571428572,1.0
VGLUT2-35-Nr4a2_Zfhx4,cluster,2044 COAa-PAA-MEA Barhl2 Glut_7,2,0.06896551724137931,1.0,0.12903225806451613,0.875,0.875
VGLUT2-35-Nr4a2_Zfhx4,cluster,2045 COAa-PAA-MEA Barhl2 Glut_7,3,0.10344827586206896,1.0,0.1875,0.9633333333333334,0.97
VGLUT2-35-Nr4a2_Zfhx4,cluster,2046 COAa-PAA-MEA Barhl2 Glut_7,3,0.10344827586206896,1.0,0.1875,0.9533333333333333,1.0
VGLUT2-35-Nr4a2_Zfhx4,cluster,2047 COAa-PAA-MEA Barhl2 Glut_7,1,0.034482758620689655,1.0,0.06666666666666667,0.99,0.99
VGLUT2-35-Nr4a2_Zfhx4,cluster,2048 COAa-PAA-MEA Barhl2 Glut_7,5,0.1724137931034483,0.8333333333333334,0.28571428571428575,0.974,1.0
VGLUT2-35-Nr4a2_Zfhx4,cluster,2053 COAa-PAA-MEA Barhl2 Glut_9,1,0.034482758620689655,0.03571428571428571,0.03508771929824562,1.0,1.0
VGLUT2-36-Lxh1_Trp73,cluster,0205 MEA Slc17a7 Glut_2,1,0.14285714285714285,0.0196078431372549,0.034482758620689655,0.86,0.86
VGLUT2-36-Lxh1_Trp73,cluster,2003 MEA-COA-BMA Ccdc42 Glut_1,1,0.14285714285714285,0.04,0.0625,1.0,1.0
VGLUT2-36-Lxh1_Trp73,cluster,2006 MEA-COA-BMA Ccdc42 Glut_3,1,0.14285714285714285,0.02702702702702703,0.045454545454545456,0.99,0.99
VGLUT2-36-Lxh1_Trp73,cluster,2049 COAa-PAA-MEA Barhl2 Glut_8,1,0.14285714285714285,0.25,0.18181818181818182,0.99,0.99
VGLUT2-36-Lxh1_Trp73,cluster,2127 ADP-MPO Trp73 Glut_2,3,0.42857142857142855,1.0,0.6,1.0,1.0
VGLUT2-37-Rspo3_Nfib,cluster,0217 COAp Grxcr2 Glut_2,1,0.09090909090909091,0.005025125628140704,0.009523809523809525,0.91,0.91
VGLUT2-37-Rspo3_Nfib,cluster,2149 SI-MA-LPO-LHA Skor1 Glut_2,7,0.6363636363636364,1.0,0.7777777777777778,0.9957142857142857,1.0
VGLUT2-37-Rspo3_Nfib,cluster,2179 SI-MA-LPO-LHA Skor1 Glut_5,1,0.09090909090909091,1.0,0.16666666666666669,0.98,0.98
VGLUT2-37-Rspo3_Nfib,cluster,2182 SI-MA-LPO-LHA Skor1 Glut_6,2,0.18181818181818182,0.4,0.25000000000000006,1.0,1.0
VGLUT2-38-Vwc2_Eomes,cluster,2017 COAa-PAA-MEA Barhl2 Glut_1,5,0.19230769230769232,0.7142857142857143,0.30303030303030304,0.998,1.0
VGLUT2-38-Vwc2_Eomes,cluster,2146 SI-MA-LPO-LHA Skor1 Glut_2,1,0.038461538461538464,1.0,0.07407407407407407,0.99,0.99
VGLUT2-38-Vwc2_Eomes,cluster,2148 SI-MA-LPO-LHA Skor1 Glut_2,1,0.038461538461538464,1.0,0.07407407407407407,0.84,0.84
VGLUT2-38-Vwc2_Eomes,cluster,2180 SI-MA-LPO-LHA Skor1 Glut_6,1,0.038461538461538464,1.0,0.07407407407407407,1.0,1.0
VGLUT2-38-Vwc2_Eomes,cluster,2182 SI-MA-LPO-LHA Skor1 Glut_6,3,0.11538461538461539,0.6,0.1935483870967742,1.0,1.0
VGLUT2-38-Vwc2_Eomes,cluster,2183 SI-MA-LPO-LHA Skor1 Glut_6,1,0.038461538461538464,1.0,0.07407407407407407,0.82,0.82
VGLUT2-38-Vwc2_Eomes,cluster,2184 SI-MA-LPO-LHA Skor1 Glut_6,5,0.19230769230769232,1.0,0.32258064516129037,1.0,1.0
VGLUT2-38-Vwc2_Eomes,cluster,2185 SI-MA-LPO-LHA Skor1 Glut_6,4,0.15384615384615385,1.0,0.2666666666666667,0.9825,1.0
VGLUT2-38-Vwc2_Eomes,cluster,2188 SI-MA-LPO-LHA Skor1 Glut_6,5,0.19230769230769232,0.8333333333333334,0.3125,0.998,1.0
VGLUT2-39-Tcf7l2_Skor1,cluster,2019 COAa-PAA-MEA Barhl2 Glut_1,1,0.05,0.1111111111111111,0.06896551724137932,0.98,0.98
VGLUT2-39-Tcf7l2_Skor1,cluster,2048 COAa-PAA-MEA Barhl2 Glut_7,1,0.05,0.16666666666666666,0.07692307692307691,0.95,0.95
VGLUT2-39-Tcf7l2_Skor1,cluster,2133 SI-MA-LPO-LHA Skor1 Glut_1,1,0.05,1.0,0.09523809523809523,1.0,1.0
VGLUT2-39-Tcf7l2_Skor1,cluster,2145 SI-MA-LPO-LHA Skor1 Glut_1,1,0.05,1.0,0.09523809523809523,1.0,1.0
VGLUT2-39-Tcf7l2_Skor1,cluster,2164 SI-MA-LPO-LHA Skor1 Glut_4,1,0.05,1.0,0.09523809523809523,0.95,0.95
VGLUT2-39-Tcf7l2_Skor1,cluster,2165 SI-MA-LPO-LHA Skor1 Glut_4,1,0.05,1.0,0.09523809523809523,0.96,0.96
VGLUT2-39-Tcf7l2_Skor1,cluster,2168 SI-MA-LPO-LHA Skor1 Glut_4,2,0.1,1.0,0.18181818181818182,0.9650000000000001,0.9650000000000001
VGLUT2-39-Tcf7l2_Skor1,cluster,2169 SI-MA-LPO-LHA Skor1 Glut_4,1,0.05,1.0,0.09523809523809523,1.0,1.0
VGLUT2-39-Tcf7l2_Skor1,cluster,2170 SI-MA-LPO-LHA Skor1 Glut_5,1,0.05,1.0,0.09523809523809523,0.96,0.96
VGLUT2-39-Tcf7l2_Skor1,cluster,2175 SI-MA-LPO-LHA Skor1 Glut_5,1,0.05,1.0,0.09523809523809523,1.0,1.0
VGLUT2-39-Tcf7l2_Skor1,cluster,2181 SI-MA-LPO-LHA Skor1 Glut_6,1,0.05,1.0,0.09523809523809523,1.0,1.0
VGLUT2-39-Tcf7l2_Skor1,cluster,2187 SI-MA-LPO-LHA Skor1 Glut_6,1,0.05,1.0,0.09523809523809523,1.0,1.0
VGLUT2-39-Tcf7l2_Skor1,cluster,2188 SI-MA-LPO-LHA Skor1 Glut_6,1,0.05,0.16666666666666666,0.07692307692307691,1.0,1.0
VGLUT2-39-Tcf7l2_Skor1,cluster,2190 SI-MA-LPO-LHA Skor1 Glut_6,1,0.05,1.0,0.09523809523809523,1.0,1.0
VGLUT2-39-Tcf7l2_Skor1,cluster,2195 SI-MA-LPO-LHA Skor1 Glut_7,2,0.1,1.0,0.18181818181818182,1.0,1.0
VGLUT2-39-Tcf7l2_Skor1,cluster,2201 SI-MA-LPO-LHA Skor1 Glut_8,3,0.15,1.0,0.2608695652173913,1.0,1.0
VGLUT2-4-Cdhr1_Zeb2,cluster,2025 COAa-PAA-MEA Barhl2 Glut_2,1,0.024390243902439025,0.14285714285714285,0.04166666666666667,1.0,1.0
VGLUT2-4-Cdhr1_Zeb2,cluster,2029 COAa-PAA-MEA Barhl2 Glut_3,4,0.0975609756097561,0.10256410256410256,0.1,0.9450000000000001,0.935
VGLUT2-4-Cdhr1_Zeb2,cluster,2030 COAa-PAA-MEA Barhl2 Glut_3,21,0.5121951219512195,1.0,0.6774193548387097,0.9847619047619047,1.0
VGLUT2-4-Cdhr1_Zeb2,cluster,2031 COAa-PAA-MEA Barhl2 Glut_3,12,0.2926829268292683,0.8,0.4285714285714285,0.9550000000000001,0.985
VGLUT2-4-Cdhr1_Zeb2,cluster,2051 COAa-PAA-MEA Barhl2 Glut_8,3,0.07317073170731707,1.0,0.13636363636363635,1.0,1.0
VGLUT2-40-Otp_Pnoc,cluster,2210 MEA-BST Otp Zic2 Glut_1,2,0.6666666666666666,1.0,0.8,1.0,1.0
VGLUT2-40-Otp_Pnoc,cluster,2213 MEA-BST Otp Zic2 Glut_1,1,0.3333333333333333,1.0,0.5,1.0,1.0
VGLUT2-41-Otp_Crabp1,cluster,2203 MEA Otp Foxp2 Glut_1,2,0.1,1.0,0.18181818181818182,0.99,0.99
VGLUT2-41-Otp_Crabp1,cluster,2204 MEA Otp Foxp2 Glut_1,17,0.85,0.3090909090909091,0.45333333333333325,0.9505882352941176,0.99
VGLUT2-41-Otp_Crabp1,cluster,2205 MEA Otp Foxp2 Glut_1,1,0.05,1.0,0.09523809523809523,1.0,1.0
VGLUT2-42-Otp_Sema3c,cluster,2204 MEA Otp Foxp2 Glut_1,37,1.0,0.6727272727272727,0.8043478260869564,0.9978378378378379,1.0
VGLUT2-5-Runx1_Zeb2,cluster,2022 COAa-PAA-MEA Barhl2 Glut_1,1,0.058823529411764705,0.09090909090909091,0.07142857142857142,1.0,1.0
VGLUT2-5-Runx1_Zeb2,cluster,2025 COAa-PAA-MEA Barhl2 Glut_2,2,0.11764705882352941,0.2857142857142857,0.16666666666666666,1.0,1.0
VGLUT2-5-Runx1_Zeb2,cluster,2026 COAa-PAA-MEA Barhl2 Glut_2,11,0.6470588235294118,0.5789473684210527,0.6111111111111113,0.9763636363636364,1.0
VGLUT2-5-Runx1_Zeb2,cluster,2031 COAa-PAA-MEA Barhl2 Glut_3,2,0.11764705882352941,0.13333333333333333,0.125,0.925,0.925
VGLUT2-5-Runx1_Zeb2,cluster,2040 COAa-PAA-MEA Barhl2 Glut_6,1,0.058823529411764705,0.1111111111111111,0.07692307692307691,1.0,1.0
VGLUT2-6-Peg10_Calcr,cluster,2018 COAa-PAA-MEA Barhl2 Glut_1,1,0.09090909090909091,0.043478260869565216,0.0588235294117647,0.91,0.91
VGLUT2-6-Peg10_Calcr,cluster,2020 COAa-PAA-MEA Barhl2 Glut_1,1,0.09090909090909091,0.08333333333333333,0.08695652173913043,0.91,0.91
VGLUT2-6-Peg10_Calcr,cluster,2022 COAa-PAA-MEA Barhl2 Glut_1,1,0.09090909090909091,0.09090909090909091,0.09090909090909091,0.82,0.82
VGLUT2-6-Peg10_Calcr,cluster,2025 COAa-PAA-MEA Barhl2 Glut_2,4,0.36363636363636365,0.5714285714285714,0.4444444444444444,1.0,1.0
VGLUT2-6-Peg10_Calcr,cluster,2026 COAa-PAA-MEA Barhl2 Glut_2,1,0.09090909090909091,0.05263157894736842,0.06666666666666667,1.0,1.0
VGLUT2-6-Peg10_Calcr,cluster,2053 COAa-PAA-MEA Barhl2 Glut_9,3,0.2727272727272727,0.10714285714285714,0.15384615384615383,1.0,1.0
VGLUT2-7-Rxfp1_Cd24a,cluster,2026 COAa-PAA-MEA Barhl2 Glut_2,7,1.0,0.3684210526315789,0.5384615384615384,0.9828571428571429,0.99
VGLUT2-8-Chrdl1_Abi3bp,cluster,2022 COAa-PAA-MEA Barhl2 Glut_1,8,0.8888888888888888,0.7272727272727273,0.7999999999999999,0.9975,1.0
VGLUT2-8-Chrdl1_Abi3bp,cluster,2023 COAa-PAA-MEA Barhl2 Glut_1,1,0.1111111111111111,0.03333333333333333,0.05128205128205128,0.85,0.85
VGLUT2-9-Tacr3_Npnt,cluster,2019 COAa-PAA-MEA Barhl2 Glut_1,1,0.03333333333333333,0.1111111111111111,0.05128205128205128,0.98,0.98
VGLUT2-9-Tacr3_Npnt,cluster,2023 COAa-PAA-MEA Barhl2 Glut_1,29,0.9666666666666667,0.9666666666666667,0.9666666666666667,0.9941379310344827,1.0
